accent,"n. 口音；重音；强调；特点；重音符号
vt. 强调；重读；带…口音讲话"
accessory,"n. 配件；附件； 从犯
adj. 副的；同谋的；附属的"
adjacent,adj. 邻近的，毗连的
adverb,"n. 副词
adj. 副词的"
affluent,"n. 支流；富人
adj. 富裕的；丰富的；流畅的"
aisle,n. 通道，走道；侧廊
album,n. 相簿；唱片集；集邮簿；签名纪念册
alloy,"n. 合金
vt. 使成合金；使减低成色
vi. 易于铸成合金"
anguish,"n. 痛苦；苦恼
vt. 使极度痛苦
vi. 感到极度的痛苦"
antenna,n.  天线； 触角， 触须
ape,"n.  猿；傻瓜；模仿者
vt. 模仿；抢台词
adj. 狂热的"
appal,"vt. 使惊骇；惊吓
vi. 减弱；变得苍白；令人发腻"
appall,vt. 使胆寒；使惊骇
apparatus,n. 装置，设备；仪器；器官
arena,n. 舞台；竞技场
arrow,"n. 箭，箭头；箭状物；箭头记号
vt. 以箭头指示；箭一般地飞向"
artefact,n. 工艺品；人工制品，加工品
artery,n. 动脉；干道；主流
ashore,"adj. 在岸上的；在陆上的
adv. 在岸上；向岸"
assassinate,vt. 暗杀；行刺
audio,adj. 声音的； 音频的， 声频的
auditorium,n. 礼堂，会堂；观众席
aural,adj. 听觉的；耳的；气味的；先兆的
auxiliary,"n. 助动词；辅助者，辅助物；附属机构
adj. 辅助的；副的；附加的"
avert,vt. 避免，防止；转移
awe,"n. 敬畏
vt. 使敬畏；使畏怯"
axe,"n. 斧
vt. 削减；用斧砍"
axis,n. 轴；轴线；轴心国
badge,"n. 徽章；证章；标记
vt. 授给…徽章"
bail,"n. 保释，保释人；保释金；杓
vt. 保释，帮助某人脱离困境；往外舀水"
bake,"n. 烤；烘烤食品
vi. 烘面包；被烤干；受热
vt. 烤，烘焙"
bald,"adj. 秃顶的；光秃的；单调的；无装饰的
vi. 变秃"
balloon,"n. 气球
adj. 像气球般鼓起的
vt. 使像气球般鼓起；使激增
vi. 激增；膨胀如气球"
ballot,"n. 投票；投票用纸；投票总数
vt. 使投票表决；拉选票
vi. 投票；抽签决定"
banner,"n. 横幅图片的广告模式
n. 旗帜，横幅,标语"
banquet,"n. 宴会，盛宴；宴请，款待
vt. 宴请，设宴款待
vi. 参加宴会"
bare,"adj. 空的；赤裸的，无遮蔽的
vt. 露出，使赤裸"
barn,"n. 谷仓；畜棚；车库；靶（核反应截面单位）
vt. 把…贮存入仓"
barrel,"n. 桶；枪管，炮管
vt. 把……装入桶内
vi. 快速移动"
barren,"n. 荒地
adj. 贫瘠的；不生育的；无益的；沉闷无趣的；空洞的"
batch,"n. 一批；一炉；一次所制之量
vt. 分批处理"
beware,"vt. 注意，当心；提防
vi. 当心，小心"
bind,"n. 捆绑；困境；讨厌的事情；植物的藤蔓
vt. 绑；约束；装订；包扎；凝固
vi. 结合；装订；有约束力；过紧"
blade,n. 叶片；刀片，刀锋；剑
blast,"n. 爆炸；冲击波；一阵
vt. 爆炸；损害；使枯萎
vi. 猛攻"
bloom,"n. 花；青春；旺盛
vt. 使开花；使茂盛
vi. 开花；茂盛"
blush,"n. 脸红；红色；羞愧
vt. 红著脸表示；使成红色
vi. 脸红；感到惭愧"
bolster,"n. 支持；长枕
vt. 支持；支撑"
bolt,"n. 螺栓，螺钉；闪电，雷电；门闩；弩箭;（布的）一匹，一卷
vt. 筛选；囫囵吞下；（把门、窗等）闩上；突然说出，脱口说出
vi. （门窗等）闩上，拴住；冲出，跳出；（马等的）脱缰；囫囵吞下
adv. 突然地；像箭似地；直立地"
booth,n. 货摊；公用电话亭
bowel,"n. 肠；内部；同情
vt. 将……的肚肠取出"
brace,"n. 支柱； 大括号；曲柄
vt. 支撑；振作起来；激励；撑牢
adj. 曲柄的
vi. 支持；打起精神"
bracket,"n. 支架；括号；墙上凸出的托架
vt. 括在一起；把…归入同一类；排除"
breeze,"n. 微风；轻而易举的事；煤屑；焦炭渣；小风波
vi. 吹微风；逃走"
briefcase,n. 公文包
brisk,"adj. 敏锐的，活泼的，轻快的；凛冽的
vt. 使……活泼；使……轻快；使……兴旺
vi. 活跃起来；变得轻快"
broom,"n. 扫帚；金雀花
vt. 扫除
vi. 桩顶开花或开裂"
brow,n. 眉，眉毛；额；表情
bucket,"n. 桶，水桶；铲斗；一桶的量
v. 倾盆而下；颠簸着行进"
bud,"n. 芽，萌芽；蓓蕾
vt. 使发芽
vi. 发芽，萌芽"
buffet,"n. 自助餐；小卖部；打击；猛烈冲击
adj. 自助的；自助餐的
vi. 斗争；奋勇前进
vt. 与…搏斗；连续猛击"
bug,"n. 臭虫，小虫；故障；窃听器
vt. 烦扰，打扰；装窃听器
vi. 装置窃听器；打扰"
bulletin,"n. 公告，公报
vt. 公布，公告"
bully,"n. 欺凌弱小者；土霸
vt. 欺负；威吓
adj. 第一流的；特好的
vi. 欺侮人
adv. 很；十分
int. 好；妙"
bump,"n. 肿块，隆起物；撞击
vi. 碰撞，撞击；颠簸而行
vt. 碰，撞；颠簸
adv. 突然地，猛烈地"
bundle,"n. 束；捆
vt. 捆
vi. 匆忙离开"
burglar,n. 夜贼，窃贼
cabinet,"n. 内阁；橱柜；展览艺术品的小陈列室
adj. 内阁的；私下的，秘密的"
cannon,"n. 大炮；加农炮；榴弹炮；机关炮
vt. 炮轰
vi. 炮轰；开炮"
canteen,n. 食堂，小卖部；水壶
canvas,"n. 帆布
adj. 帆布制的
vt. 用帆布覆盖，用帆布装备"
cape,n.  海角，岬；披肩
cassette,n. 盒式磁带；暗盒；珠宝箱；片匣
catastrophe,n. 大灾难；大祸；惨败
cellar,"n. 地窖；酒窖；地下室
vt. 把…藏入地窖"
cemetery,n. 墓地；公墓
censorship,n. 审查制度；审查机构
cereal,"n. 谷类，谷物；谷类食品；谷类植物
adj. 谷类的；谷类制成的"
chalk,"n. 粉笔；白垩；用粉笔划的记号
adj. 用粉笔写的
vt. 用粉笔写；用白垩粉擦；记录；规划
vi. 变成白垩状"
champagne,n. 香槟酒；香槟酒色
charm,"n. 魅力，吸引力；魔力
vt. 使陶醉；行魔法
vi. 有魔力；用符咒"
cherry,n. 樱桃；樱桃树；如樱桃的鲜红色；处女膜，处女
chill,"n. 寒冷；寒意；寒心
vt. 冷冻，冷藏；使寒心；使感到冷
adj. 寒冷的；冷漠的；扫兴的
vi. 冷藏；变冷"
chimney,n. 烟囱
chin,"n. 下巴；聊天；引体向上动作
vt. 用下巴夹住；与…聊天；在单杠上作引体向上动作
vi. 闲谈；作引体向上动作"
chop,"n. 砍；排骨；商标；削球
(俚)丑人
vt. 剁碎；砍"
chorus,"n. 合唱队；齐声；歌舞队
vt. 合唱；异口同声地说
vi. 合唱；异口同声地说话"
clergy,n. 神职人员；牧师；僧侣
climax,n. 高潮；顶点；层进法；极点
closet,"n. 壁橱；议事室，密室；小房间
adj. 秘密的，私下的；空谈的
vt. 把…关在私室中"
clothe,vt. 给…穿衣；覆盖；赋予
cluster,"n. 群；簇；丛；串
vt. 使聚集；聚集在某人的周围
vi. 群聚；丛生"
clutch,"n. 离合器；控制；手；紧急关头
vt. 抓住；紧握
adj. 没有手提带或背带的；紧要关头的
vi. 攫；企图抓住"
coarse,adj. 粗糙的；粗俗的；下等的
cocaine,n.  可卡因
cock,"n. 公鸡；龙头；雄鸟；头目
vt. 使竖起；使耸立；使朝上
vi. 翘起；竖起；大摇大摆"
cohesive,adj. 凝聚的；有结合力的；紧密结合的；有粘着力的
collar,"n. 衣领；颈圈
vt. 抓住；给…上领子；给…套上颈圈"
colonel,n. 陆军上校
comet,n.  彗星
commence,v. 开始；着手；<英>获得学位
compartment,"n.  隔间；区划；卧车上的小客房
vt. 分隔；划分"
complement,"n. 补语；余角；补足物
vt. 补足，补助"
compute,"n. 计算；估计；推断
vt. 计算；估算；用计算机计算
vi. 计算；估算；推断"
comrade,n. 同志；伙伴
consecutive,adj. 连贯的；连续不断的
contagious,adj. 感染性的；会蔓延的
contaminate,vt. 污染，弄脏
convene,"vt. 召集，集合；传唤
vi. 聚集，集合"
conversion,n. 转换；变换； 兑换；改变信仰
cop,"n. 巡警，警官
vt. 抓住"
cord,"n. 绳索；束缚
vt. 用绳子捆绑"
cordial,"n. 补品；兴奋剂；甜香酒，甘露酒
adj. 热忱的，诚恳的；兴奋的"
coronavirus,n. 冠状病毒；日冕形病毒
corrode,"vt. 侵蚀；损害
vi. 受腐蚀；起腐蚀作用"
cosmic,adj. 宇宙的（等于cosmical）
costume,"n. 服装，装束；戏装，剧装
vt. 给…穿上服装"
crab,"n. 螃蟹；蟹肉；脾气乖戾的人；起重机
vt. 抱怨；破坏；使偏航
vi. 捕蟹；发牢骚；抱怨"
crack,"n. 裂缝；声变；噼啪声
adj. 最好的；高明的
vi. 破裂；爆裂
vt. 使破裂；打开；变声"
cradle,"n. 摇篮；发源地；发祥地；支船架
vt. 抚育；把...搁在支架上；把...放在摇篮内"
crane,"n. 吊车，起重机；鹤
vt. 用起重机起吊；伸长脖子
vi. 伸着脖子看；迟疑，踌躇"
crawl,"n. 爬行；养鱼池；匍匐而行
vt. 爬行；缓慢地行进
vi. 爬行；匍匐行进"
creep,"n. 爬行；毛骨悚然的感觉；谄媚者
vi. 爬行；蔓延；慢慢地移动；起鸡皮疙瘩"
cripple,"n. 跛子；残废
vt. 削弱；使跛；使残废
adj. 跛的；残废的"
crow,"n.  乌鸦；鸡鸣；撬棍
vi. 啼叫；报晓"
crush,"n. 粉碎；迷恋；压榨；拥挤的人群
vt. 压碎；弄皱，变形；使…挤入
vi. 挤；被压碎"
crust,"n. 地壳；外壳；面包皮；坚硬外皮
vi. 结硬皮；结成外壳
vt. 盖以硬皮；在…上结硬皮"
crystal,"n. 结晶，晶体；水晶；水晶饰品
adj. 水晶的；透明的，清澈的"
culminate,"vt. 使结束；使达到高潮
vi. 到绝顶；达到高潮；达到顶点"
cumulative,adj. 累积的
curse,"n. 诅咒；咒骂
vt. 诅咒；咒骂
vi. 诅咒；咒骂"
cylinder,n. 圆筒；汽缸； 柱面；圆柱状物
damn,"n. 一点；诅咒
vt. 谴责；罚…下地狱
adj. 可恶的
adv. 非常
vi. 谴责
int. 讨厌"
dash,"n. 破折号；冲撞
vi. 猛冲；撞击
vt. 使…破灭；猛撞；泼溅"
daunting,adj. 使人畏缩的；使人气馁的；令人怯步的
deaf,adj. 聋的
deck,"n. 甲板；行李仓；露天平台
vt. 装饰；装甲板；打扮"
defect,"n. 缺点，缺陷；不足之处
vi. 变节；叛变"
delegate,"n. 代表
vt. 委派…为代表"
deplete,vt. 耗尽，用尽；使衰竭，使空虚
deplore,vt. 谴责；悲悼；哀叹；对…深感遗憾
desert,"n. 沙漠；荒原；应得的赏罚
vt. 遗弃；放弃；逃跑
adj. 沙漠的；荒凉的；不毛的
vi. 遗弃；开小差；逃掉"
deviate,"vi. 脱离；越轨
vt. 使偏离"
devil,"n. 魔鬼；撒旦；家伙；恶棍；淘气鬼；冒失鬼
vt. 虐待，折磨；（用扯碎机）扯碎；（替作家，律师等）做助手；抹辣味料烤制或煎煮"
dew,"n. 珠，滴；露水；清新
vt. （露水等）弄湿
vi. 结露水"
diagram,"n. 图表；图解
vt. 用图解法表示"
dial,"n. 转盘；刻度盘；钟面
vt. 给…拨号打电话
vi. 拨号"
diameter,n. 直径
dine,"vi. 进餐，用餐
vt. 宴请"
dinosaur,n. 恐龙；过时、落伍的人或事物
dip,"n. 下沉，下降；倾斜；浸渍，蘸湿
vi. 浸；下降，下沉；倾斜；舀，掏
vt. 浸，泡，蘸；舀取；把伸入"
disc,"n. 圆盘， 唱片（等于disk）
vt. 灌唱片"
disk,n.  磁盘，磁碟片；圆盘，盘状物；唱片
discreet,adj. 谨慎的；小心的
discretion,n. 自由裁量权；谨慎；判断力；判定；考虑周到
discrepancy,n. 不符；矛盾；相差
discrete,"n. 分立元件；独立部件
adj. 离散的，不连续的"
disgust,"n. 厌恶，嫌恶
vt. 使厌恶；使作呕"
dismay,"n. 沮丧，灰心；惊慌
vt. 使沮丧；使惊慌"
dissipate,"vi. 驱散；放荡
vt. 浪费；使…消散"
distil,"vt. 蒸馏；提取…的精华；使渗出
vi. 蒸馏；提炼；渗出"
distill,"vt. 提取；蒸馏；使滴下
vi. 蒸馏；滴下；作为精华产生（等于distil）"
divine,"n. 牧师；神学家
adj. 神圣的；非凡的；天赐的；极好的
vt. 占卜；预言；用占卜勘探
vi. 占卜；预言；使用占卜勘探矿"
dormitory,"n. 宿舍，学生宿舍
adj. 住宅区的"
dove,"n. 鸽子；鸽派人士
v. 潜水（dive的过去式）"
doze,"n. 瞌睡
vi. 打瞌睡；假寐
vt. 打瞌睡度过"
dragon,n. 龙；凶暴的人，凶恶的人；严厉而有警觉性的女人
dread,"n. 恐惧；可怕的人（或物）
vt. 惧怕；担心
adj. 可怕的
vi. 惧怕；担心"
drift,"n. 漂流，漂移；趋势；漂流物
vi. 漂流，漂移；漂泊
vt. 使…漂流；使…受风吹积"
drone,"n. 雄蜂；嗡嗡的声音；懒惰者
n. 无人机（非正式）
vt. 低沉地说
vi. 嗡嗡作声；混日子"
drown,"vt. 淹没；把…淹死
vi. 淹死；溺死"
dump,"n. 垃圾场；仓库；无秩序地累积
vt. 倾倒；倾卸；丢下，卸下；摆脱，扔弃；倾销
vi. 倒垃圾；突然跌倒或落下；卸货；转嫁（责任等）"
dynasty,n. 王朝，朝代
ebb,"n. 衰退；退潮；衰落
vi. 衰退；减少；衰落；潮退"
eccentric,"n. 古怪的人
adj. 古怪的，反常的"
edible,"n. 食品；食物
adj. 可食用的"
eject,vt. 喷射；驱逐，逐出
elapse,"n. 流逝；时间的过去
vi. 消逝；时间过去"
elastic,"n. 松紧带；橡皮圈
adj. 有弹性的；灵活的；易伸缩的"
elbow,"n. 肘部；弯头；扶手
vt. 推挤；用手肘推开"
elicit,vt. 抽出，引出；引起
eloquent,adj. 意味深长的；雄辩的，有口才的；有说服力的；动人的
embryo,"n.  胚胎；胚芽；初期
adj. 胚胎的；初期的"
endow,vt. 赋予；捐赠；天生具有
erode,"vt. 腐蚀，侵蚀
vi. 侵蚀；受腐蚀"
erosion,n. 侵蚀，腐蚀
escalate,"vt. 使逐步上升
vi. 逐步增强；逐步升高"
escort,"n. 陪同；护航舰；护卫队；护送者
vt. 护送；陪同；为…护航"
eternal,adj. 永恒的；不朽的
excerpt,"n. 摘录，引用
vt. 引用，摘录
vi. 摘录，引用"
excursion,n. 偏移；远足；短程旅行；离题；游览，游览团
exile,"n. 流放，充军；放逐，被放逐者；流犯
vt. 放逐，流放；使背井离乡"
exotic,adj. 异国的；外来的；异国情调的
expel,vt. 驱逐；开除
expertise,n. 专门知识；专门技术；专家的意见
eyebrow,"n. 眉毛
v. 为…描眉；用皱眉蹙额迫使"
fable,"n. 寓言；无稽之谈
vt. 煞有介事地讲述；虚构
vi. 编寓言；虚构"
facet,"n. 面；方面；小平面
vt. 在…上琢面"
fairy,"n. 仙女，小精灵；漂亮姑娘
adj. 虚构的；仙女的"
famine,n. 饥荒；饥饿，奇缺
feast,"n. 筵席，宴会；节日
vt. 享受；款待，宴请
vi. 享受；参加宴会"
fellowship,n. 团体；友谊；奖学金；研究员职位
feminine,adj. 女性的；妇女（似）的；阴性的；娇柔的
fence,"n. 栅栏；围墙；剑术
vt. 防护；用篱笆围住；练习剑术
vi. 击剑；搪塞；围以栅栏；跳过栅栏"
feudal,adj. 封建制度的；领地的；世仇的
fireplace,n. 壁炉
flap,"n. 拍打，拍打声；神经紧张； 襟翼
vt. 拍打；扔；拉下帽边；飘动
vi. 拍动；神经紧张；鼓翼而飞；（帽边等）垂下"
flare,"n. 加剧，恶化；底部展开；（鼻孔）张开的意思；闪光，闪耀；耀斑；爆发；照明弹
vi. 闪耀，闪光；燃烧；突然发怒
vt. 使闪耀；使张开；用发光信号发出；使外倾"
flash,"n. 闪光，闪现；一瞬间
adj. 闪光的，火速的
vt. 使闪光；反射
vi. 闪光，闪现；反射"
flavor,"n. 情味，风味；香料；滋味
vt. 加味于"
flavour,"n. 香味；滋味
vt. 给……调味；给……增添风趣"
fleet,"n. 舰队；港湾；小河
adj. 快速的，敏捷的
vt. 消磨
vi. 飞逝；疾驰；掠过"
fling,"n. 掷，抛；嘲弄；急冲
vt. 掷，抛；嘲笑；使陷入；轻蔑地投射；猛动
vi. 猛冲，急行"
flock,"n. 群；棉束（等于floc）
vi. 聚集；成群而行
vt. 用棉束填满"
fluent,adj. 流畅的，流利的；液态的；畅流的
flush,"n. 激动，洋溢；面红；萌芽；旺盛；奔流
adj. 大量的；齐平的；丰足的，洋溢的；挥霍的
vt. 使齐平；发红，使发亮；用水冲洗；使激动
vi. 发红，脸红；奔涌；被冲洗"
fog,"n. 雾；烟雾，尘雾；迷惑
vt. 使模糊；使困惑；以雾笼罩
vi. 被雾笼罩；变模糊"
fore,"n. 前部；船头
prep. 在前
adj. 以前的；在前部的
adv. 在前面；在船头
int. （打高尔夫球者的叫声）让开！"
foul,"n. 犯规；缠绕
adj. 犯规的；邪恶的；污秽的；淤塞的
vt. 犯规；弄脏；淤塞；缠住，妨害
adv. 违反规则地，不正当地
vi. 犯规；腐烂；缠结"
fracture,"n. 破裂，断裂； 骨折
vt. 使破裂
vi. 破裂；折断"
franchise,"n. 特权；公民权；经销权；管辖权
vt. 给…以特许（或特权）；赋予公民权"
freight,"n. 货运；运费；船货
vt. 运送；装货；使充满"
friction,n. 摩擦， 摩擦力
fringe,"n. 边缘；穗；刘海
adj. 边缘的；附加的
vt. 加穗于"
furious,adj. 激烈的；狂怒的；热烈兴奋的；喧闹的
furnace,n. 火炉，熔炉
futile,adj. 无用的；无效的；没有出息的；琐细的；不重要的
gadget,n. 小玩意；小器具；小配件；诡计
galaxy,"n. 银河； 星系；银河系；一群显赫的人
n. 三星智能手机品牌 2015年三星中国公布Galaxy的中文名称为“盖乐世”（Galaxy）
"
gang,"n. 群；一伙；一组
vt. 使成群结队；结伙伤害或恐吓某人
vi. 成群结队"
gasp,"n. 喘气
vi. 喘气；喘息；渴望
vt. 气喘吁吁地说；喘着气说话"
gauge,"n. 计量器；标准尺寸；容量规格
vt. 测量；估计；给…定规格"
glide,"vi. 滑翔；滑行；悄悄地走；消逝
vt. 使滑行；使滑动
n. 滑翔；滑行；滑移；滑音"
glitter,"vi. 闪光；闪烁
n. 闪光；灿烂"
glow,"n. 灼热；色彩鲜艳；兴高采烈
vi. 发热；洋溢；绚丽夺目"
glowing,"adj. 灼热的；热情洋溢的；鲜艳的
v. 发光；容光焕发（glow的ing形式）；发热"
gorgeous,adj. 华丽的，灿烂的；极好的
gown,"n. 长袍，长外衣；礼服；睡袍；法衣
vt. 使穿睡衣"
grab,"n. 攫取；霸占；夺取之物
vt. 攫取；霸占；将…深深吸引
vi. 攫取；夺取"
graze,"n. 放牧；轻擦
vi. 吃草；擦伤
vt. 放牧；擦伤"
grease,"n. 油脂；贿赂
vt. 涂脂于；贿赂"
grind,"n. 磨；苦工作
vt. 磨碎；磨快
vi. 磨碎；折磨"
grip,"n. 紧握；柄；支配；握拍方式；拍柄绷带
vt. 紧握；夹紧
vi. 抓住"
grope,"n. 摸索；触摸
vt. 摸索
vi. 摸索；探索"
guy,"n. 男人，家伙
vt. 嘲弄，取笑
vi. 逃跑"
handicap,"n. 障碍；不利条件，不利的因素
vt. 妨碍，阻碍；使不利"
handkerchief,n. 手帕；头巾，围巾
harassment,n. 骚扰；烦恼
hardware,n. 计算机硬件；五金器具
hay,"n. 干草
vt. 把晒干
vi. 割草晒干"
heap,"n. 堆；许多；累积
vt. 堆；堆积
vi. 堆起来"
heave,"n. 举起；起伏；投掷；一阵呕吐
vt. 举起；使起伏；投掷；恶心；发出（叹息等）
vi. 起伏；举起；喘息；呕吐"
helmet,n. 钢盔，头盔
hemisphere,n. 半球
henceforth,adv. 今后；自此以后
hike,"n. 远足；徒步旅行；涨价
vt. 提高；拉起；使…高涨
vi. 远足；徒步旅行；上升"
hinge,"n. 铰链，折叶；关键，转折点；枢要，中枢
v. 用铰链连接；依…为转移；给…安装铰链；（门等）装有蝶铰"
unhinged,adj. 精神错乱的
hoist,"n. 起重机；升起，吊起
vt. （用绳索，起重机等）使升起
vi. 升起；吊起"
hollow,"n. 洞；山谷；窟窿
adj. 空的；中空的，空腹的；凹的；虚伪的
vt. 使成为空洞
adv. 彻底地；无用地
vi. 形成空洞"
homogeneous,adj. 均匀的； 齐次的；同种的；同类的，同质的
hop,"vt. 搭乘
v. 单足跳跃
vi. 双足或齐足跳行
n. 蹦跳,跳跃；跳舞；一次飞行的距离"
horn,"n. 喇叭，号角；角
vt. 装角于"
hose,"n. 软管；长筒袜；男性穿的紧身裤
vt. 用软管浇水；痛打"
hound,"n. 猎犬；卑劣的人
vt. 追猎；烦扰；激励"
hover,"n. 徘徊；盘旋；犹豫
vi. 盘旋，翱翔；徘徊
vt. 孵；徘徊在…近旁"
howl,"n. 嗥叫；怒号；嚎哭
vt. 狂喊着说；对…吼叫
vi. 咆哮；怒吼；狂吠"
huddle,"n. 拥挤；混乱；杂乱一团
vt. 把...挤在一起；使缩成一团；草率了事
vi. 蜷缩；挤作一团"
hum,"n. 嗡嗡声；哼声；杂声
vt. 用哼声表示
int. 哼；嗯
vi. 发低哼声"
humid,adj. 潮湿的；湿润的；多湿气的
humidity,n.  湿度；湿气
hurl,"n. 用力的投掷
vt. 丢下；用力投掷；愤慨地说出
vi. 猛投；猛掷"
hut,"n. 小屋；临时营房
vt. 使住在小屋中；驻扎
vi. 住在小屋中；驻扎"
hysterical,adj. 歇斯底里的；异常兴奋的
icon,n. 图标；偶像；肖像，画像；圣像
iconic,adj. 图标的，形象的
idiot,n. 笨蛋，傻瓜；白痴
ignite,"vt. 点燃；使燃烧；使激动
vi. 点火；燃烧"
imminent,adj. 即将来临的；迫近的
impetus,n. 动力；促进；冲力
inaugurate,vt. 创新；开辟；开创；举行开幕典礼；举行就职典礼
indoor,adj. 室内的，户内的
inertia,n.  惯性；惰性，迟钝；不活动
inflict,vt. 造成；使遭受（损伤、痛苦等）；给予（打击等）
infrared,"n. 红外线
adj. 红外线的"
ingenious,adj. 有独创性的；机灵的，精制的；心灵手巧的
ingenuity,"n. 心灵手巧，独创性；精巧；精巧的装置
n. 西门子公司将其品牌宣言“Ingenuity for life” 诠释为“博大精深 同心致远”"
inland,"n. 内地；内陆
adj. 内陆的；内地的；国内的
adv. 在内地；向内地；向内陆；在内陆"
insert,"n. 插入物；管芯；镶块；刀片
vt. 插入；嵌入"
instalment,n. 分期付款；装设；就职
installment,n. 安装；分期付款；部分；就职
intelligible,adj. 可理解的；明了的；仅能用智力了解的
interface,"n. 界面；<计>接口；交界面
v. （使通过界面或接口）接合，连接；使联系
vi. 相互作用（或影响）；交流，交谈"
intermediate,"n.  中间物；媒介
adj. 中间的，中级的
vi. 起媒介作用"
intermittent,adj. 间歇的；断断续续的；间歇性
interval,n. 间隔；间距；幕间休息
inward,"n. 内部；内脏；密友
adj. 向内的；内部的；精神的；本质上的；熟悉的
adv. 向内；内心里"
irrigate,"vt. 灌溉；冲洗；使清新
vi. 灌溉；冲洗"
irrigation,n. 灌溉； 冲洗；冲洗法
isle,"n. 岛
vt. 使成为岛屿
vi. 住在岛屿上"
ivory,"n. 象牙；乳白色；长牙
adj. 乳白色的；象牙制的"
jail,"n. 监狱；监牢；拘留所
vt. 监禁；下狱"
gaol,"n. 监狱
vt. 监禁"
jargon,n. 行话，术语；黄锆石
jewelry,n. 珠宝；珠宝类
jewellery,n. 珠宝（等于jewelry）
jolly,"adj. 愉快的；欢乐的；宜人的
adv. 很；非常
vt. （口）用好话劝某人做…；（口）用好话使高兴
vi. （口）开玩笑"
jug,"n.  水壶；监牢
vt. 关押；放入壶中
vi. 模仿夜莺叫"
kidnap,vt. 绑架；诱拐；拐骗
kidney,n.  肾脏；腰子；个性
kneel,vi. 跪下，跪
knit,"vi. 编织；结合；皱眉
vt. 编织；结合
n. 编织衣物；编织法"
knob,"n. 把手；瘤；球形突出物
vi. 鼓起
vt. 使有球形突出物"
lace,"n. 花边；鞋带；饰带；少量烈酒
vt. 饰以花边；结带子
vi. 系带子"
laser,n. 激光
lash,"vt. 鞭打；冲击；摆动；扎捆；煽动；讽刺
vi. 鞭打；猛击；急速甩动
n. 鞭打；睫毛；鞭子；责骂；讽刺"
latent,adj. 潜在的；潜伏的；隐藏的
laundry,n. 洗衣店，洗衣房；要洗的衣服；洗熨；洗好的衣服
lavatory,n. 厕所，盥洗室
leap,"vi. 跳，跳跃
n. 飞跃；跳跃
vt. 跳跃，跳过；使跃过"
lease,"n. 租约；租期；租赁物；租赁权
vt. 出租；租得
vi. 出租"
legend,n. 传奇；说明；图例；刻印文字
lens,"n. 透镜，镜头；眼睛中的水晶体；晶状体；隐形眼镜；汽车的灯玻璃
vt. 给……摄影"
lick,"vt. 舔；卷过；鞭打
vt. （非正式）战胜
vi. 舔；轻轻拍打
n. 舔；打；少许"
limp,"adj. 柔软的，无力的；软弱的
vi. 跛行，一拐一拐地走；缓慢费力地前进
n. 跛行"
linear,adj. 线的，线型的；直线的，线状的；长度的
linen,"n. 亚麻布，亚麻线；亚麻制品
adj. 亚麻的；亚麻布制的"
liner,n. 班轮，班机；衬垫；画线者
liquor,"n. 酒，含酒精饮料；溶液；液体；烈酒
vi. 喝酒，灌酒
vt. 使喝醉"
lofty,adj. 高的；崇高的；高级的；高傲的
loop,"vi. 打环；翻筋斗
n. 环；圈；弯曲部分；翻筋斗
vt. 使成环；以环连结；使翻筋斗"
lubricate,"vi. 润滑；涂油；起润滑剂作用
vt. 使…润滑；给…加润滑油"
lunar,adj. 月亮的，月球的；阴历的；银的；微亮的
lung,n. 肺；呼吸器
lyric,"adj. 抒情的；吟唱的
n. 抒情诗；歌词"
magistrate,n. 地方法官；文职官员；治安推事
magnet,n. 磁铁； 磁体；磁石
magnetic,adj. 地磁的；有磁性的；有吸引力的
magnitude,n. 大小；量级； 震级；重要；光度
maiden,"adj. 未婚的，处女的；初次的
n. 少女；处女"
majesty,n. 威严；最高权威，王权；雄伟；权威
malignant,"adj.  恶性的；有害的；有恶意的
n. 保王党员；怀恶意的人"
maneuver,"n.  机动；演习；策略；调遣
vi.  机动；演习；调遣；用计谋
vt.  机动；演习；用计；调遣"
Marxist,"n. 马克思主义者
adj. 马克思主义的"
mate,"n. 助手，大副；配偶；同事；配对物
vt. 使配对；使一致；结伴
vi. 交配；成配偶；紧密配合"
mediate,"vi. 调解；斡旋；居中
vt. 调停；传达
adj. 间接的；居间的"
meditate,"vt. 考虑；计划；企图
vi. 冥想；沉思"
meditation,n. 冥想；沉思，深思
melody,n. 旋律；歌曲；美妙的音乐
memorandum,n. 备忘录；便笺
menace,"n. 威胁；恐吓
vi. 恐吓；进行威胁
vt. 威胁；恐吓"
mentor,"n. 指导者，良师益友
vt. 指导"
mercury,n. 水星
merge,"vt. 合并；使合并；吞没
vi. 合并；融合"
messenger,n. 报信者，送信者；先驱
metropolitan,"adj. 大都市的；大主教辖区的；宗主国的
n. 大城市人；大主教；宗主国的公民"
microphone,n. 扩音器，麦克风
mingle,"vi. 混合；交往
vt. 使混合；使相混"
mischief,n. 恶作剧；伤害；顽皮；不和
missionary,"adj. 传教的；传教士的
n. 传教士"
mist,"n. 薄雾；视线模糊不清；模糊不清之物
vi. 下雾；变模糊
vt. 使模糊；使蒙上薄雾"
mistress,n. 情妇；女主人；主妇；女教师；女能人
mob,"n. 暴民，暴徒；民众；乌合之众
vt. 大举包围，围攻；蜂拥进入
vi. 聚众生事，聚众滋事"
module,n.  模块；组件；模数
moist,"adj. 潮湿的；多雨的；含泪的
n. 潮湿"
mold,"vt. 塑造；使发霉；用模子制作
vi. 发霉
n. 霉菌；模子"
mould,"vi. 发霉
vt. 浇铸；用泥土覆盖
n. 模具；霉"
remold,vt. 改造；改铸
remould,vt. 改造，改铸；重新塑造
molecule,n.  分子；微小颗粒，微粒
mosaic,"adj. 摩西的；拼成的；嵌花式的
n. 马赛克；镶嵌；镶嵌细工"
motel,n. 汽车旅馆
mug,"n. 杯子；脸；苦读者
vi. 扮鬼脸，做怪相
vt. 行凶抢劫"
municipal,adj. 市政的，市的；地方自治的
mushroom,"n. 蘑菇，伞菌；蘑菇形物体；暴发户
adj. 蘑菇的；蘑菇形的；迅速生长的
vi. 迅速增加；采蘑菇；迅速生长"
mushrooming,"vi. 迅速延烧；激烈增殖；迅速增长；呈蘑菇状升腾（mushroom的现在分词形式）
adj. 迅速增长的"
mutter,"vi. 咕哝；喃喃自语
vt. 咕哝；抱怨地说；低声含糊地说
n. 咕哝；喃喃低语"
naked,adj. 裸体的；无装饰的；无证据的；直率的
namely,adv. 也就是；即是；换句话说
nap,"n. 小睡，打盹儿；细毛；孤注一掷
vt. 使拉毛
vi. 小睡；疏忽"
napkin,n. 餐巾；餐巾纸；尿布
naughty,adj. 顽皮的，淘气的；不听话的；没规矩的；不适当的；下流的
nickel,"n. 镍；镍币；五分镍币
vt. 镀镍于"
nitrogen,n.  氮
nominal,"adj. 名义上的；有名无实的； 票面上的
n.  名词性词"
nominate,vt. 推荐；提名；任命；指定
notwithstanding,"adv. 尽管，仍然
prep. 尽管，虽然
conj. 虽然"
noun,n. 名词
nourish,vt. 滋养；怀有；使健壮
nucleus,n. 核，核心；原子核
nuisance,n. 讨厌的人；损害；麻烦事；讨厌的东西
nylon,n. 尼龙， 聚酰胺纤维；尼龙袜
oak,"n. 橡树；橡木色；橡木家具
adj. 栎树的；栎木制的"
oar,"n. 桨；橹；桨手
vt. 划（船）
vi. 划行"
oath,n. 誓言，誓约；诅咒，咒骂
obsolete,"adj. 废弃的；老式的
n. 废词；陈腐的人
vt. 淘汰；废弃"
odor,n. 气味；名声
offspring,n. 后代，子孙；产物
opaque,"adj. 不透明的；不传热的；迟钝的
n. 不透明物
vt. 使不透明；使不反光"
optical,adj. 光学的；眼睛的，视觉的
orchard,n. 果园；果树林
ore,n. 矿；矿石
orthodox,"adj. 正统的；传统的；惯常的；东正教的
n. 正统的人；正统的事物"
ounce,n. 盎司；少量；雪豹
overflow,"vi. 溢出；泛滥；充溢
n. 充满，洋溢；泛滥；超值；溢值
vt. 使溢出；使泛滥；使充溢"
overhear,"vt. 无意中听到；偷听
vi. 无意中听到；偷听到"
overt,adj. 明显的；公然的；蓄意的
overtake,"vt. 赶上；压倒；突然来袭
vi. 超车"
owl,n. 猫头鹰；枭；惯于晚上活动的人
ozone,n.  臭氧；新鲜的空气
pamphlet,n. 小册子
pant,"n. 气喘；喘息；喷气声
vt. 气喘
vi. 喘息；渴望；气喘吁吁地说出某事"
paradigm,n. 范例；词形变化表
parameter,n. 参数；系数；参量
parasite,n. 寄生虫；食客
particle,n. 颗粒； 质点；极小量；小品词
paste,"n. 面团，膏；糊状物， 浆糊
vt. 张贴，裱糊；用浆糊粘"
pastime,n. 娱乐，消遣
pat,"n. 轻拍；小块；轻拍声
adj. 恰好的；熟练的；合适的
vt. 轻拍
adv. 恰好；熟记地
vi. 轻拍"
patch,"n. 眼罩；斑点；碎片；小块土地
vi. 打补丁
vt. 修补；解决；掩饰"
pathetic,adj. 可怜的，悲哀的；感伤的；乏味的
patriotic,adj. 爱国的
paw,"n. 爪子；手
vt. 抓，扒；亲昵地抚摸
vi. 用爪子抓；翻找"
pearl,"n. 珍珠；珍珠色；杰出者；珍品
adj. 镶珍珠的；珍珠状的
vt. 使成珠状；用珍珠装饰；使呈珍珠色
vi. 采珍珠；成珍珠状"
pebble,"n. 卵石；水晶透镜
vt. 用卵石铺"
peel,"n. 皮
v. 剥，剥落；削"
peep,"n. 偷看；隐约看见，瞥见
vi. 窥视；慢慢露出，出现；吱吱叫
vt. 使出现"
pendulum,n. 钟摆；摇锤；摇摆不定的事态
penetrate,"vi. 渗透；刺入；看透
vt. 渗透；穿透；洞察"
perish,"vi. 死亡；毁灭；腐烂；枯萎
vt. 使麻木；毁坏"
persecute,vt. 迫害；困扰；同…捣乱
petroleum,n. 石油
petty,adj. 琐碎的；小气的；小规模的
pierce,"vt. 刺穿；洞察；响彻；深深地打动
vi. 进入；透入"
pigeon,n. 鸽子
pillar,"n. 柱子，柱形物；栋梁；墩
vt. 用柱支持"
pinch,"n. 匮乏；少量；夹痛
vt. 捏；勒索；使苦恼；掐掉某物，修剪
vi. 夹痛；节省"
pistol,"n. 手枪；信号枪
vt. 用手枪射击"
pit,"n. 矿井；深坑；陷阱；（物体或人体表面上的）凹陷；（英国剧场的）正厅后排；正厅后排的观众
vt. 使竞争；窖藏；使凹下；去…之核；使留疤痕
vi. 凹陷；起凹点"
pitch,"n. 沥青；音高；程度；树脂；倾斜；投掷；球场
vt. 投；掷；定位于；用沥青涂；扎营；向前倾跌
vi. 倾斜；投掷；搭帐篷；坠落"
plagiarism,n. 剽窃；剽窃物
plaintiff,n. 原告
plentiful,adj. 丰富的；许多的；丰饶的；众多的
plight,"n. 困境；境况；誓约
vt. 保证；约定"
plough,"n. 犁；耕地（等于plow）
vi. 用犁耕田；开路
vt. 犁；耕"
plow,"n.  犁；似犁的工具；北斗七星
vt.  犁；耕；开路
vi.  犁；耕地；破浪前进；开路"
plural,"n. 复数
adj. 复数的"
pneumonia,n. 肺炎
ponder,"vi. 考虑；沉思
vt. 仔细考虑；衡量"
pope,n. 教皇，罗马教皇；权威，大师
porcelain,"n. 瓷；瓷器
adj. 瓷制的；精美的"
porch,n. 门廊；走廊
portfolio,n. 公文包；文件夹；证券投资组合；部长职务
poultry,"n. 家禽
家禽肉"
predator,n.  捕食者； 食肉动物；掠夺者
predatory,adj. 掠夺的，掠夺成性的；食肉的；捕食生物的
pretext,"n. 借口；托辞
vt. 以…为借口"
pronoun,n. 代词
prophet,n. 先知；预言者；提倡者
protocol,"n. 协议；草案；礼仪
vt. 拟定
vi. 拟定"
prototype,n. 原型；标准，模范
puff,"n. 粉扑；泡芙；蓬松；一阵喷烟；肿块；吹嘘，宣传广告
vt. 喷出，张开；使膨胀；夸张；使骄傲自满
vi. 膨胀；张开；鼓吹；夸张"
puppet,n. 木偶；傀儡；受他人操纵的人
quarantine,"n. 检疫；隔离；检疫期；封锁
vt. 检疫；隔离；使隔离
vi. 实行隔离"
quart,n. 夸脱（容量单位）；一夸脱的容器
queer,"n. 同性恋者；怪人；伪造的货币
adj. 奇怪的；同性恋的；不舒服的；心智不平衡的
vt. 搞糟；使陷于不利地位"
quiver,"n. 颤抖；箭袋；震动
vi. 颤抖；振动
vt. 使…颤动；抖动"
rack,"n.  齿条；架子；拷问台
vt. 折磨；榨取
vi. 变形；随风飘；小步跑"
racket,"n. 球拍；吵闹，喧闹
vt. 过着花天酒地的生活
vi. 过着花天酒地的生活"
radius,n. 半径，半径范围； 桡骨；辐射光线；有效航程
rag,"n. 破布；碎屑
vt. 戏弄；责骂
vi. 变破碎；穿着讲究"
rake,"n. 耙子；斜度；钱耙；放荡的人，浪子
vt. 倾斜；搜索；掠过；用耙子耙
vi. 搜索；用耙子耙；掠过，擦过"
rap,"n. 轻敲
vi. 敲击；交谈
vt. 抢走；轻敲；敲击致使；使着迷"
rape,"n. 强奸，掠夺； 油菜；葡萄渣
vt. 强奸；掠夺，抢夺
vi. 犯强奸罪"
rash,"n.  皮疹；突然大量出现的事物
adj. 轻率的；鲁莽的；不顾后果的"
recede,"vi. 后退；减弱
vt. 撤回"
reconcile,vt. 使一致；使和解；调停，调解；使顺从
redeem,vt. 赎回；挽回；兑换；履行；补偿；恢复
redundant,adj. 多余的，过剩的；被解雇的，失业的；冗长的，累赘的
reed,"n.  芦苇；簧片；牧笛；不可依靠的人
vt. 用芦苇盖；用芦苇装饰"
reel,"n. 蹒跚；眩晕；旋转
vt. 卷；使旋转
vi. 卷；眩晕；蹒跚地走；退缩"
refine,vt. 精炼，提纯；改善；使…文雅
refute,vt. 反驳，驳斥；驳倒
rehearse,"vt. 排练；预演
vi. 排练；演习"
rehearsal,n. 排演；预演；练习；训练；叙述
relish,"n. 滋味；风味；食欲；开胃小菜；含义；调味品
vt. 盼望;期待;享受; 品味；喜爱；给…加佐料
vi. 有特定意味；味道可口"
reproach,"n. 责备；耻辱
vt. 责备；申斥"
reptile,"n. 爬行动物；卑鄙的人
adj. 爬虫类的；卑鄙的"
resilient,"adj. 弹回的，有弹力的
adj. 能复原的；有复原力的"
restless,adj. 焦躁不安的；不安宁的；得不到满足的
retort,"n. 反驳，顶嘴；曲颈瓶
vi. 反驳，回嘴
vt. 反驳，反击"
retrieve,"n.  检索；恢复，取回
vt.  检索；恢复；重新得到
vi. 找回猎物"
rib,"n. 肋骨；排骨；肋状物
vt. 戏弄；装肋于"
ribbon,"n. 带；缎带；（勋章等的）绶带；带状物；勋表
vt. 把…撕成条带；用缎带装饰
vi. 形成带状"
ridge,"n. 山脊；山脉；屋脊
vt. 使成脊状；作垄
vi. 成脊状"
rim,"n. 边，边缘；轮辋；圆圈
vt. 作…的边，装边于
vi. 作…的边，装边于"
riot,"n. 暴乱；放纵；蔓延
vt. 浪费，挥霍
vi. 骚乱；放荡"
ripe,"adj. 熟的，成熟的；时机成熟的
vt. 搜查；调查
vi. 进行搜查"
roar,"n. 咆哮；吼；轰鸣
vi. 咆哮；吼叫；喧闹
vt. 咆哮；呼喊；使……轰鸣"
robe,"n. 长袍，礼服；制服
vi. 穿长袍
vt. 使穿长袍"
rod,n. 棒；惩罚；枝条；权力
romance,"n. 传奇；浪漫史；风流韵事；冒险故事
vi. 虚构；渲染；写传奇"
rotate,"vt. 使旋转；使转动；使轮流
adj.  辐状的
vi. 旋转；循环"
rotten,"adj. 腐烂的；堕落的；恶臭的；虚弱的；极坏的
adv. 非常"
rouse,"n. 觉醒；奋起
vt. 唤醒；激起，使振奋；惊起
vi. 醒来；奋起"
rub,"n. 摩擦；障碍；磨损处
vt. 擦；摩擦；惹怒
vi. 擦；摩擦；擦破"
rubber,"n. 橡胶；橡皮；合成橡胶；按摩师
adj. 橡胶制成的
vt. 涂橡胶于；用橡胶制造
vi. 扭转脖子看；好奇地引颈而望"
rust,"n. 锈；生锈； 锈病
vt. 使生锈；腐蚀
vi. 生锈；成铁锈色；变迟钝"
sack,"n. 麻布袋；洗劫
vt. 解雇；把……装入袋；劫掠"
saddle,"n. 鞍，鞍状物；车座；拖具
vt. 承受；使负担；装以马鞍
vi. 跨上马鞍"
saint,
salient,"n. 凸角；突出部分
adj. 显著的；突出的；跳跃的"
sane,adj. 健全的；理智的； 神志正常的
sauce,"n. 酱油；沙司；调味汁
vt. 使增加趣味；给…调味"
savage,"n. 未开化的人；粗鲁的人；残暴成性的人
adj. 野蛮的；残酷的；狂怒的；荒凉的
vt. 乱咬；粗暴的对待"
scenario,n. 方案；情节；剧本；设想
scout,"n. 搜索，侦察；侦察员；侦察机
vt. 侦察；跟踪，监视；发现
vi. 侦察；巡视；嘲笑"
scramble,"n. 抢夺，争夺；混乱，混乱的一团；爬行，攀登
vi. 爬行，攀登；不规则地生长；仓促行动
vt. 攀登；使混杂，仓促凑成；扰乱"
scrap,"n. 碎片；残余物；打架；少量
vt. 废弃；使解体；拆毁
adj. 废弃的；零碎的
vi. 吵架"
scratch,"n. 擦伤；抓痕；刮擦声；乱写
adj. 打草稿用的；凑合的；碰巧的
vt. 抓；刮；挖出；乱涂
vi. 抓；搔；发刮擦声；勉强糊口；退出比赛"
screw,"n. 螺旋；螺丝钉；吝啬鬼
vt. 旋，拧；压榨；强迫
vi. 转动，拧"
semester,n. 学期；半年
shaft,"n. 拍杆； 轴；箭杆；杆状物
vt. 利用；在……上装杆"
shampoo,"n. 洗发；洗发精
vt. 洗发"
shear,"n.  切变；修剪；大剪刀
vi. 剪；剪切；修剪
vt. 剪；修剪；剥夺"
shell,"n. 壳，贝壳；炮弹；外形
vt. 剥皮；炮轰
vi. 剥落；设定命令行解释器的位置"
shepherd,"n. 牧羊人；牧师；指导者
vt. 牧羊；带领；指导；看管"
shield,"n. 盾；防护物；保护者
vt. 遮蔽；包庇；避开；保卫
vi. 防御；起保护作用"
shilling,n. 先令
shiver,"n. 颤抖，战栗；碎片
vi. 颤抖；哆嗦；打碎
vt. 颤抖；打碎"
shutter,"n. 快门；百叶窗；关闭物；遮板
vt. 为…装百叶窗；以百叶窗遮闭"
sideways,"adj. 向侧面的；一旁的
adv. 向侧面地；向一旁"
siege,"n. 围攻；包围；围城；不断袭击；长期努力
vt. 围攻；包围"
siren,"n. 汽笛；迷人的女人；歌声动人的女歌手
adj. 迷人的
vt. 引诱
vi. 响着警报器行驶"
skeleton,"n. 骨架，骨骼；纲要；骨瘦如柴的人
adj. 骨骼的；骨瘦如柴的；概略的"
skull,n. 头盖骨，脑壳
slam,"n. 猛击；砰然声
vi. 砰地关上；猛力抨击
vt. 砰地关上；猛力抨击"
slap,"n. 掴；侮辱；掌击；拍打声
vt. 拍击；侮辱；掌击；掴…的耳光
vi. 掴；拍击
adv. 直接地；猛然地；恰好"
slaughter,"n. 屠宰，屠杀；杀戮；消灭
vt. 屠宰，屠杀；杀戮；使惨败"
slope,"n. 斜坡；倾斜；斜率；扛枪姿势
vt. 倾斜；使倾斜；扛
vi. 倾斜；逃走"
sly,adj. 狡猾的；淘气的；诡密的
smash,"n. 破碎；扣球；冲突；大败
vt. 粉碎；使破产；溃裂
adj. 了不起的；非常轰动的；出色的
vi. 粉碎；打碎"
smuggle,"vt. 走私；偷运
vi. 走私，私运；偷带"
snatch,"n. 抢夺；抓举；小量
vt. 夺得；抽空做；及时救助
vi. 抢走；很快接受"
sniff,"vt. 嗅；闻；用力吸；发觉
vi. 嗅；嗤之以鼻
n. 吸，闻；嗤之以鼻；气味；以鼻吸气；吸气声"
snobbish,adj. 势利的
sober,"adj. 冷静的，清醒的；未醉的
vt. 使严肃；使醒酒，使清醒"
sock,"vt. 重击；给……穿袜
n. 短袜；一击
adv. 正着地；不偏不倚地
adj. 非常成功的"
soda,n. 苏打；碳酸水
solemn,adj. 庄严的，严肃的；隆重的，郑重的
sophomore,"n. 大学二年级生；（美）有二年经验的人
adj. 二年级的；二年级学生的"
sore,"n. 溃疡，痛处；恨事，伤心事
adj. 疼痛的，痛心的；剧烈的，极度的；恼火的，发怒的；厉害的，迫切的"
sorrow,"n. 悲伤；懊悔；伤心事
vt. 为…悲痛
vi. 懊悔；遗憾；感到悲伤"
sour,"n. 酸味；苦事
adj. 酸的；发酵的；刺耳的；酸臭的；讨厌的
vt. 使变酸；使失望
vi. 发酵；变酸；厌烦"
specimen,n. 样品，样本；标本
spectacle,n. 景象；场面；奇观；壮观；公开展示；表相，假相 n.（复）眼镜
spectacular,adj. 壮观的，惊人的；公开展示的
spectator,n. 观众；旁观者
spicy,adj. 辛辣的；香的，多香料的；下流的
spider,n. 蜘蛛；设圈套者；三脚架
spill,"n. 溢出，溅出；溢出量；摔下；小塞子
vi. 溢出，流出；摔下；涌流
vt. 使溢出，使流出；使摔下"
spine,n. 脊柱，脊椎；刺；书脊
splash,"n. 飞溅的水；污点；卖弄
vt. 溅，泼；用...使液体飞溅
vi. 溅湿；溅开"
splendid,adj. 辉煌的；灿烂的；极好的；杰出的
sponge,"n. 海绵；海绵状物
vt. 抹掉；用海绵擦拭；讨得
vi. 采集海绵；过寄生生活；海绵般地吸收"
sprinkle,"n. 撒，洒；少量
vt. 洒；微雨；散置
vi. 洒，撒；下稀疏小雨；喷撒"
sprout,"n. 芽；萌芽；苗芽
vt. 使发芽；使萌芽
vi. 发芽；长芽"
stab,"n. 刺；戳；尝试；突发的一阵
vt. 刺；刺伤；戳；刺穿；直入
vi. 刺；刺伤；戳；刺痛"
stack,"n. 堆；堆叠
vt. 使堆叠；把…堆积起来
vi. 堆积，堆叠"
stagger,"n. 蹒跚；交错安排
vt. 蹒跚；使交错；使犹豫
adj. 交错的；错开的
vi. 蹒跚；犹豫"
stairway,n. 阶梯，楼梯
stale,"n. 尿
adj. 陈腐的；不新鲜的
vt. 使变旧；变得不新鲜
vi. 变陈旧；撒尿；变得不新鲜"
stall,"n. 货摊；畜栏；托辞
vt. 拖延；使停转；使陷于泥中
vi. 停止，停转；拖延"
stamp,"n. 邮票；印记；标志；跺脚
vt. 铭记；标出；盖章于…；贴邮票于…；用脚踩踏
vi. 跺脚；捣碎；毁掉"
static,"n. 静电；静电干扰
adj. 静态的；静电的；静力的"
stationary,"n. 不动的人；驻军
adj. 固定的；静止的；定居的；常备军的"
stationery,n. 文具；信纸
stereo,"n. 立体声；立体声系统；铅版；立体照片
adj. 立体的；立体声的；立体感觉的"
stipulate,"adj. 有托叶的
vi. 规定；保证
vt. 规定；保证"
stitch,"n. 针脚，线迹；一针
vt. 缝，缝合
vi. 缝，缝合"
stool,"n. 凳子；粪便；厕所
vt. 引诱，诱捕
vi. 长新枝；分檗"
stoop,"n. 弯腰，屈背；屈服
vt. 辱没，堕落；俯曲
vi. 弯腰；屈服；堕落"
storey,n.  楼层；叠架的一层
strap,"n. 带；皮带；磨刀皮带；鞭打
vt. 用带捆绑；用皮条抽打；约束
vi. 精力旺盛地工作；受束缚"
streamline,"n. 流线；流线型
vt. 把…做成流线型；使现代化；组织；使合理化；使简单化
adj. 流线型的"
strenuous,adj. 紧张的；费力的；奋发的；艰苦的；热烈的
stride,"n. 大步；步幅；进展
vt. 跨过；大踏步走过；跨坐在…
vi. 跨；跨过；大步行走"
strife,n. 冲突；争吵；不和
stripe,"n. 条纹，斑纹；种类
vt. 加条纹于…"
stroke,"n. （游泳或划船的）划；中风；（打、击等的）一下；冲程；（成功的）举动；尝试；轻抚
vt. （用笔等）画；轻抚；轻挪；敲击；划尾桨；划掉；（打字时）击打键盘
vi. 击球；作尾桨手，指挥划桨；（打字时）击打键盘"
stumble,"n. 绊倒；蹒跚而行
vi. 踌躇，蹒跚；失足；犯错
vt. 使…困惑；使…绊倒"
stun,"n. 昏迷；打昏；惊倒；令人惊叹的事物
vt. 使震惊；打昏；给以深刻的印象"
sturdy,"n. 羊晕倒病
adj. 坚定的；强健的；健全的"
submarine,"n. 潜水艇；海底生物
adj. 海底的；水下的
vt. 用潜水艇攻击
vi. 在下疾行；在下滑动"
submerge,"vt. 淹没；把…浸入；沉浸
vi. 淹没；潜入水中；湮没"
subtract,vt. 减去；扣掉
sulphur,"n. 硫磺；硫磺色
vt. 使硫化；用硫磺处理"
sulfur,"n. 硫磺；硫磺色
vt. 用硫磺处理"
supersonic,"n. 超音速；超声波
adj. 超音速的；超声波的"
supplement,"vt. 增补，补充
n. 增补，补充；补充物；增刊，副刊"
surname,"n. 姓，姓氏；绰号，别名
vt. 给…起别名；给…姓氏"
surrender,"n. 投降；放弃；交出；屈服
vt. 使投降；放弃；交出；听任
vi. 投降；屈服；自首"
swan,"n. 天鹅；天鹅星座
vi. 游荡，闲荡"
swarm,"n. 蜂群；一大群
vi. 挤满；成群浮游；云集
vt. 挤满；爬"
symmetry,n. 对称（性）；整齐，匀称
symposium,n. 讨论会，座谈会；专题论文集；酒宴，宴会
taboo,"n. 禁忌；禁止
adj. 禁忌的；忌讳的
vt. 禁忌；禁止"
tame,"adj. 驯服的；平淡的；乏味的；顺从的
vt. 驯养；使变得平淡；制服
vi. 变得驯服"
tan,"vi. 晒成棕褐色
adj. 黄褐色的；鞣皮的
n. （日晒后皮肤的）黝黑色；棕褐色；鞣料；马戏团
vt. 鞣（革）；晒成褐色"
tangle,"n. 纠纷；混乱状态
vt. 使纠缠；处于混乱状态
vi. 缠结；乱作一团"
tanker,n. 油轮；运油飞机；油槽车；坦克手
telegraph,"n.  电报机，电报
vt. 电汇；流露出；打电报给…
vi. 打电报"
tempo,n. 速度，发展速度；拍子
tenant,"n. 承租人；房客；佃户；居住者
vt. 租借（常用于被动语态）"
tender,"n. 偿付，清偿；看管人；小船
adj. 温柔的；柔软的；脆弱的；幼稚的；难对付的
vt. 提供，偿还；使…变嫩；使…变柔软
vi. 投标；变柔软"
terminate,"vt. 使终止；使结束；解雇
adj. 结束的
vi. 结束，终止；结果"
testimony,n.  证词，证言；证据
texture,n. 质地；纹理；结构；本质，实质
thereafter,adv. 其后；从那时以后
thermal,"n. 上升的热气流
adj. 热的；热量的；保热的"
thermometer,n. 温度计；体温计
thigh,n. 大腿，股
thorn,n. 刺； 荆棘
thrust,"n.  推力；刺
vt. 插；插入；推挤
vi. 插入；用向某人刺去；猛然或用力推"
thumb,"n. 拇指
vt. 翻阅；以拇指拨弄；作搭车手势；笨拙地摆弄
vi. 用拇指翻书页；竖起拇指要求搭车"
tile,"n. 瓷砖，瓦片
vt. 铺以瓦；铺以瓷砖"
tilt,"n. 倾斜
vt. 使倾斜；使翘起
vi. 倾斜；翘起；以言词或文字抨击"
toe,"n. 脚趾；足尖
vt. 用脚尖走；以趾踏触
vi. 动脚尖；用足尖跳舞"
torch,"n. 火把，火炬；手电筒；启发之物
vt. 用火炬点燃
vi. 像火炬一样燃烧"
torment,"n. 痛苦，苦恼；痛苦的根源
vt. 折磨，使痛苦；纠缠，作弄"
torrent,n. 奔流；倾注；迸发；连续不断
torture,"n. 折磨；拷问；歪曲
vt. 折磨；拷问；歪曲"
tow,"n. 拖；麻的粗纤维；拖曳所用之绳
vt. 拖；牵引；曳
vi. 被拖带；拖行"
tractor,n. 拖拉机；牵引机
trademark,"n. 商标
标志"
tray,n. 托盘；文件盒；隔底匣；（无线电的）发射箱
trench,"n. 沟，沟渠；战壕；堑壕
vt. 掘沟
vi. 挖战壕；侵害"
tribe,n. 部落；族；宗族；一伙
trim,"n. 修剪；整齐；情形
vt. 修剪；整理；装点
adj. 整齐的
vi. 削减"
triple,"n. 三倍数；三个一组
adj. 三倍的；三方的
vt. 使成三倍
vi. 增至三倍"
trolley,"n. 手推车；（美）有轨电车（等于trolley car）；（英）无轨电车（等于trolleybus）；空中吊运车
vt. 用手推车运
vi. 乘电车"
tub,"n. 浴盆；桶
vt. 把…装入桶；为…洗盆浴
vi. 洗盆浴；（衣服等）被放在桶里洗"
tug,"n. 拖船；拖曳；苦干
vt. 用力拉；较量；用拖船拖
vi. 用力拉；竞争；努力做"
tumble,"n. 跌倒；翻筋斗；跌跤
vt. 使摔倒；使滚翻；弄乱
vi. 摔倒；倒塌；滚动；打滚；仓惶地行动
"
tumor,n. 肿瘤；肿块；赘生物
tumour,n.  瘤；肿瘤；肿块
tunnel,"n. 隧道；坑道；洞穴通道
vt. 挖；在…打开通道；在…挖掘隧道
vi. 挖掘隧道；打开通道"
turmoil,n. 混乱，骚动
twinkle,"n. 闪烁
vt. 使闪耀；闪耀
vi. 闪烁；发亮"
ultraviolet,"adj. 紫外的；紫外线的
n. 紫外线辐射，紫外光"
underneath,"prep. 在…的下面；在…的形式下；在…的支配下
n. 下面；底部
adj. 下面的；底层的
adv. 在下面；在底下"
undo,"vt. 取消；解开；破坏；扰乱
vi. 撤消"
unload,"vt. 卸；摆脱…之负担；倾销
vi. 卸货；退子弹"
utter,"adj. 完全的；彻底的；无条件的
vt. 发出，表达；发射"
valve,"n. 阀； 瓣膜；真空管；活门
vt. 装阀于；以活门调节"
van,"n. 先锋；厢式货车；增值网
vt. 用车搬运"
vapor,"n. 蒸汽；烟雾
vt. 使……蒸发；使……汽化
vi. 蒸发；吹牛；沮丧"
vapour,n. 蒸气（等于vapor）；水蒸气
veil,"n. 面纱；面罩；遮蔽物；托词
vt. 遮蔽；掩饰；以面纱遮掩；用帷幕分隔
vi. 蒙上面纱；出现轻度灰雾"
vein,"n. 血管；叶脉； 岩脉；纹理；翅脉；性情
vt. 使成脉络；象脉络般分布于"
velocity,n. 速度
velvet,"adj. 天鹅绒的
n. 天鹅绒，丝绒；天鹅绒似的东西"
ventilate,vt. 使通风；给…装通风设备；宣布
venue,n. 审判地；犯罪地点；发生地点；集合地点
verb,"n. 动词；动词词性；动词性短语或从句
adj. 动词的；有动词性质的；起动词作用的"
versatile,adj. 多才多艺的；通用的，万能的；多面手的
verse,"n. 诗，诗篇；韵文；诗节
vi. 作诗
vt. 使熟练，使精通"
veteran,"n. 老兵；老手；富有经验的人；老运动员
adj. 经验丰富的；老兵的"
vibrate,"vt. 使振动；使颤动
vi. 振动；颤动；摇摆；踌躇"
vicinity,n. 邻近，附近；近处
vinegar,n. 醋
violet,"n. 紫罗兰；堇菜；羞怯的人
adj. 紫色的；紫罗兰色的"
void,"n. 空虚；空间；空隙
adj. 空的；无效的；无人的
vt. 使无效；排放"
volatile,"n. 挥发物；有翅的动物
adj.  挥发性的；不稳定的；爆炸性的；反复无常的"
volleyball,n. 排球
volt,n. 伏特（电压单位）；环骑；闪避
voltage,n.  电压
vowel,"n. 元音；母音
adj. 元音的"
vulgar,"n. 平民，百姓
adj. 粗俗的；通俗的；本土的"
wagon,"n. 货车，四轮马车
vt. 用运货马车运输货物"
waken,"vt. 唤醒；使觉醒
vi. 醒来；觉醒"
warfare,n. 战争；冲突
wary,adj. 谨慎的；机警的；惟恐的；考虑周到的
waterfall,n. 瀑布；瀑布似的东西
waterproof,"n. 防水材料
vt. 使防水
adj. 防水的，不透水的"
watt,n. 瓦特
weary,"adj. 疲倦的；厌烦的；令人厌烦的
vt. 使疲倦；使厌烦
vi. 疲倦；厌烦"
wedge,"n. 楔子；楔形物；导致分裂的东西
vt. 楔入；挤进；楔住
vi. 楔入；挤进"
weed,"n. 杂草，野草；菸草
vt. 除草；铲除
vi. 除草"
whatsoever,pron. 无论什么
whip,"n. 鞭子；抽打；车夫； 搅拌器
vt. 抽打；煽动；搅打（蛋，奶油）；彻底击败
vi. 抽打；急走；拍击"
whirl,"n. 旋转，回旋；昏乱；一连串的事；短暂的旅行
vt. 使旋转；卷走，飞快地带走
vi. 旋转，回旋；急走；头晕眼花"
wholesome,adj. 健全的；有益健康的；合乎卫生的；审慎的
wicked,adj. 邪恶的；恶劣的；不道德的；顽皮的
width,n. 宽度；广度
wink,"n. 眨眼；使眼色；闪烁；瞬间
vt. 眨眼
vi. 眨眼；使眼色；闪烁"
witch,"n. 巫婆，女巫
vt. 迷惑；施巫术"
wooden,adj. 木制的；僵硬的，呆板的
workout,n. 锻炼；练习；试验
workshop,n. 车间；研讨会；工场；讲习班
wrench,"n. 扳手，扳钳；扭伤；痛苦；歪曲；猛扭
vt. 扭伤；猛扭；曲解；折磨
vi. 扭伤；猛扭；猛绞"
wrinkle,"n. 皱纹
vi. 起皱
vt. 使起皱纹"
zigzag,"n. 之字形；Z字形
vt. 使成之字形；使曲折行进
vi. 曲折行进；作之字形行进
adj. 曲折的；锯齿形的；之字形的
adv. 曲折地；之字形地；Z字形地"
absorb,vt. 吸收；吸引；承受；理解；使…全神贯注
action,n. 行动；活动；功能；战斗；情节
address,"n. 地址；演讲；致辞；说话的技巧；称呼
vt. 演说；从事；忙于；写姓名地址；向…致辞；与…说话；提出；处理"
advance,"n. 发展；前进；增长；预付款
adj. 预先的；先行的
vt. 提出；预付；使……前进；将……提前
vi. 前进；进展；上涨"
agenda,n. 议程；日常工作事项；日程表
air,"n. 空气，大气；天空；样子；曲调
vt. 使通风，晾干；夸耀
vi. 通风"
army,n. 陆军，军队
around,"prep. 四处；在…周围
adv. 大约；到处；在附近"
art,"n. 艺术；美术；艺术品
v. 是（be的变体）
adj. 艺术的；艺术品的"
bag,"n. 袋；猎获物；（俚）一瓶啤酒
vt. 猎获；把…装入袋中；占据，私吞；使膨大
vi. 松垂"
balance,"n. 平衡；余额；匀称
vt. 使平衡；结算；使相称
vi. 保持平衡；相称；抵销"
bar,"n. 条，棒；酒吧；障碍；法庭
prep. 除……外
vt. 禁止；阻拦"
bare,"adj. 空的；赤裸的，无遮蔽的
vt. 露出，使赤裸"
bear,"n. 熊
vt. 结果实，开花（正式）
vt. 忍受；承受；具有；支撑"
benefit,"n. 利益，好处；救济金
vt. 有益于，对…有益
vi. 受益，得益"
bid,"n. 出价；叫牌；努力争取
vi. 投标；吩咐
vt. 投标；出价；表示；吩咐"
bill,"n.  法案；广告；账单； 票据；钞票；清单
vt. 宣布；开账单；用海报宣传"
bird,"n. 鸟；家伙；羽毛球
vt. 向…喝倒彩；起哄
vi. 猎鸟；观察研究野鸟"
bubble,"n. 气泡，泡沫，泡状物；透明圆形罩，圆形顶
vt. 使冒泡；滔滔不绝地说
vi. 沸腾，冒泡；发出气泡声"
build,"n. 构造；体形；体格
vi. 建筑；建造
vt. 建立；建筑"
buy,"n. 购买，买卖；所购的物品
vi. 买，采购
vt. 购买；获得；贿赂"
cap,"n. 盖；帽子
vt. 覆盖；胜过；给…戴帽；加盖于
vi. 脱帽致意"
capture,"n. 捕获；战利品，俘虏
vt. 俘获；夺得；捕捉，拍摄,录制"
carry,"n. 运载； 进位；射程
vi. 能达到；被携带；被搬运
vt. 拿，扛；携带；支持；搬运"
chair,"n. 椅子；讲座；（会议的）主席位；大学教授的职位
vt. 担任（会议的）主席；使…入座；使就任要职"
challenge,"n. 挑战；怀疑
vt. 向…挑战；对…质疑"
champion,"n. 冠军；拥护者；战士
adj. 优胜的；第一流的
vt. 支持；拥护"
charge,"n. 费用；电荷；掌管；控告；命令；负载
vt. 使充电；使承担；指责；装载；对…索费；向…冲去
vi. 充电；控告；索价；向前冲；记在账上"
class,"n. 阶级；班级；种类；班；等级
adj. 极好的；很好的，优秀的，出色的
vt. 分类；把…分等级；把…归入某等级，把…看作（或分类、归类）；把…编入某一班级
vi. 属于…类（或等级），被列为某类（或某级）"
clear,"n. 清除；空隙
adj. 清楚的；清澈的；晴朗的；无罪的
vt. 通过；清除；使干净；跳过
vi. 放晴；变清澈
adv. 清晰地；完全地"
climate,n. 气候；风气；思潮；风土
coat,"n. 外套
vt. 覆盖…的表面"
code,"n. 代码，密码；编码；法典
vt. 编码；制成法典
vi. 指定遗传密码"
collect,"vt. 收集；募捐
adj. 由收件人付款的
vi. 收集；聚集；募捐
adv. 由收件人付款地"
company,"n. 公司；陪伴，同伴；连队
vt. 陪伴
vi. 交往"
complex,"n. 复合体；综合设施
adj. 复杂的；合成的"
compromise,"n. 妥协，和解；折衷
vt. 妥协；危害
vi. 妥协；让步"
condition,"n. 条件；情况；环境；身份
vt. 决定；使适应；使健康；以…为条件"
construct,"n. 构想，概念
vt. 建造，构造；创立"
consume,"vt. 消耗，消费；使…着迷；挥霍
vi. 耗尽，毁灭；耗尽生命"
control,"n. 控制；管理；抑制；操纵装置
vt. 控制；管理；抑制"
cook,"n. 厨师，厨子
vt. 烹调，煮
vi. 烹调，做菜"
cost,"n. 费用，代价，成本；损失
vt. 花费；使付出；使花许多钱
vi. 花费"
cry,"n. 叫喊；叫声；口号；呼叫
vi. 哭；叫；喊
vt. 叫喊；哭出；大声说"
cure,"n. 治疗；治愈； 疗法
vt. 治疗；治愈；使硫化；加工处理
vi. 治病；痊愈；受治疗；被硫化；被加工处理"
deal,"n. 交易；（美）政策；待遇；份量
vi. 处理；讨论；对待；做生意
vt. 处理；给予；分配；发牌"
determine,"v. （使）下决心，（使）做出决定
vt. 决定，确定；判定，判决；限定
vi. 确定；决定；判决，终止；了结，终止，结束"
develop,"vi. 发育；生长；进化；显露
vt. 开发；进步；使成长；使显影"
dim,"n. 笨蛋，傻子
adj. 暗淡的，昏暗的；模糊的，看不清的；悲观的，怀疑的
vt. 使暗淡，使失去光泽；使变模糊
vi. 变模糊，变暗淡"
dip,"n. 下沉，下降；倾斜；浸渍，蘸湿
vi. 浸；下降，下沉；倾斜；舀，掏
vt. 浸，泡，蘸；舀取；把伸入"
discipline,"n. 学科；纪律；训练；惩罚
vt. 训练，训导；惩戒"
distinction,n. 区别；差别；特性；荣誉、勋章
divide,"n.  分水岭，分水线
vt. 划分；除；分开；使产生分歧
vi. 分开；意见分歧"
doctor,"vt. 修理；篡改，伪造；为…治病；授以博士学位
n. 医生；博士
vi. 就医；行医"
drag,"n. 拖；拖累
vi. 拖曳；缓慢而吃力地行进
vt. 拖累；拖拉；缓慢而吃力地行进"
draw,"n. 平局；抽签
vi. 拉；拖
vt. 画；拉；吸引"
drive,"n. 驱动器；驾车； 内驱力，推进力；快车道
vi. 开车；猛击；飞跑
vt. 推动，发动（机器等）；驾驶（马车，汽车等）；驱赶"
due,"n. 应付款；应得之物
adj. 到期的；预期的；应付的；应得的
adv. 正（置于方位词前）"
employ,"n. 使用；雇用
vt. 使用，采用；雇用；使忙于，使从事于"
end,"n. 结束；目标；尽头；末端；死亡
vi. 结束，终止；终结
vt. 结束，终止；终结"
engineer,"n. 工程师；工兵；火车司机
vt. 设计；策划；精明地处理
vi. 设计；建造"
equip,vt. 装备，配备
even,"adj.  偶数的；平坦的；相等的
adv. 甚至；即使；还；实际上
vt. 使平坦；使相等
vi. 变平；变得可比较；成为相等"
expose,vt. 揭露，揭发；使曝光；显示
family,"n. 家庭；亲属；家族；子女；科；语族；族
adj. 家庭的；家族的；适合于全家的"
fan,"n. 迷；风扇；爱好者
vt. 煽动；刺激；吹拂
vi. 成扇形散开；飘动"
favor,"n. 喜爱；欢心；好感
vt. 赞成；喜欢；像；赐予；证实"
favour,"n. 偏爱；赞同；善行
vt. 赞成；喜爱；有助于"
feature,"n. 特色，特征；容貌；特写或专题节目
vt. 特写；以…为特色；由…主演
vi. 起重要作用"
fetch,"n. 取得；诡计
vt. 取来；接来；到达；吸引
vi. 拿；取物；卖得"
field,"n. 领域；牧场；旷野；战场；运动场
adj. 扫描场；田赛的；野生的
vt. 把暴晒于场上；使上场
vi. 担任场外队员"
file,"n. 文件；档案；文件夹；锉刀
vt. 提出；锉；琢磨；把…归档
vi. 列队行进；用锉刀锉"
find,"n. 发现
vi. 裁决
vt. 查找，找到；发现；认为；感到；获得"
fire,"n. 火；火灾；炮火；炉火；热情；激情；磨难
vt. 点燃；解雇；开除；使发光；烧制；激动；放枪
vi. 着火；射击；开枪；激动；烧火"
fix,"n. 困境；方位；贿赂
vt. 使固定；修理；安装；准备
vi. 固定；注视"
flat,"n. 平地；公寓；平面
adj. 平的；单调的；不景气的；干脆的；平坦的；扁平的；浅的
vi. 逐渐变平；以降调唱（或奏）
vt. 使变平；使（音调）下降，尤指降半音
adv. （尤指贴着另一表面）平直地；断然地；水平地；直接地，完全地"
fold,"n. 折痕；信徒；羊栏
vt. 折叠；合拢；抱住；笼罩
vi. 折叠起来；彻底失败"
frame,"n. 框架；结构； 画面
adj. 有木架的；有构架的
vt. 设计；建造；陷害；使…适合
vi. 有成功希望"
framework,n. 框架，骨架；结构，构架
game,"n. 游戏；比赛
adj. 勇敢的
vi. 赌博"
given,"prep. 考虑到
v. 给予（give的过去分词）
adj. 赠予的；沉溺的；规定的"
greet,vt. 欢迎，迎接；致敬，致意；映入眼帘
handsome,adj. （男子）英俊的；可观的；大方的，慷慨的；健美而端庄的
harbor,"n. 海港；避难所
vt. 庇护；怀有
vi. 居住，生存；入港停泊；躲藏"
harbour,"n. 海港（等于harbor）；避难所
vt. 庇护；藏匿；入港停泊
vi. 藏匿；入港停泊；庇护"
hit,"n. 打；打击；（演出等）成功；讽刺
vt. 打击；袭击；碰撞；偶然发现；伤…的感情
vi. 打；打击；碰撞；偶然碰上"
hold,"n. 控制；保留
vi. 支持；有效；持续
vt. 持有；拥有；保存；拘留；约束或控制
又作“Hold住”使用，中英混用词汇，表示轻松掌控全局。
"
hook,"n. 挂钩，吊钩
vt. 钩住；引上钩
vi. 钩住；弯成钩状"
host,"n.  主机；主人；主持人；许多
vt. 主持；当主人招待
vi. 群集；做主人"
house,"n. 住宅；家庭；机构；议会；某种用途的建筑物
vt. 覆盖；给…房子住；把…储藏在房内
vi. 住"
humor,"n. 幽默，诙谐；心情
vt. 迎合，迁就；顺应"
humour,"n. 幽默（等于humor）；诙谐
vt. 迁就；使满足"
inform,"vi. 告发；告密
vt. 通知；告诉；报告"
initiative,"n. 主动权；首创精神
adj. 主动的；自发的；起始的"
institute,"n. 学会，协会；学院
vt. 开始（调查）；制定；创立；提起（诉讼）"
institution,n. 制度；建立；（社会或宗教等）公共机构；习俗
intelligence,n. 智力；情报工作；情报机关；理解力；才智，智慧；天分
interest,"n. 兴趣，爱好；利息；趣味；同行
vt. 使……感兴趣；引起……的关心；使……参与"
invent,vt. 发明；创造；虚构
junior,"adj. 年少的；后进的；下级的
n. 年少者，晚辈；地位较低者；大学三年级学生"
lame,"adj. 跛足的；僵痛的；不完全的；无说服力的；差劲的，蹩脚的
vi. 变跛
vt. 使跛；使成残废"
land,"n. 国土；陆地；地面
vt. 使…登陆；使…陷于；将…卸下
vi. 登陆；到达"
late,"adj. 晚的；迟的；已故的；最近的
adv. 晚；迟；最近；在晚期"
league,"n. 联盟；社团；范畴
vt. 使…结盟；与…联合
vi. 团结；结盟"
like,"vt. 喜欢；想；愿意
vi. 喜欢；希望
prep. 像；如同
adj. 同样的；相似的
n. 爱好；同样的人或物
adv. 可能
conj. 好像"
line,"n. 路线，航线；排；绳
vt. 排成一行；划线于；以线条标示；使…起皱纹
vi. 排队；站成一排"
lot,"n. 份额；许多；命运；阄
adv. （与形容词和副词连用）很，非常；（与动词连用）非常
pron. 大量，许多
vt. 分组，把…划分（常与out连用）；把（土地）划分成块
vi. 抽签，拈阄"
mad,"adj. 疯狂的；发疯的；愚蠢的；着迷的
n. 狂怒"
manufacture,"n. 制造；产品；制造业
vt. 制造；加工；捏造
vi. 制造"
map,"vt. 映射；计划；绘制地图；确定基因在染色体中的位置
n. 地图；示意图；染色体图
vi. 基因被安置"
medium,"adj. 中间的，中等的；半生熟的
n. 方法；媒体；媒介；中间物"
mirror,"n. 镜子；真实的写照；榜样
vt. 反射；反映"
moral,"adj. 道德的；精神上的；品性端正的
n. 道德；寓意"
narrow,"adj. 狭窄的，有限的；勉强的；精密的；度量小的
n. 海峡；狭窄部分，隘路
vt. 使变狭窄
vi. 变窄"
net,"n. 网；网络；净利；实价
vi. 编网
vt. 得到；净赚；用网捕
adj. 纯粹的；净余的"
obvious,adj. 明显的；显著的；平淡无奇的
pack,"n. 包装；一群；背包；包裹；一副
vt. 包装；压紧；捆扎；挑选；塞满
vi. 挤；包装货物；被包装；群集"
panel,"n. 仪表板；嵌板；座谈小组，全体陪审员
vt. 嵌镶板"
parallel,"n. 平行线；对比
adj. 平行的；类似的，相同的
vt. 使…与…平行"
passage,n. 一段（文章）；走廊；通路
pen,"n. 钢笔；作家；围栏
vt. 写；关入栏中"
performance,n. 性能；绩效；表演；执行；表现
picture,"n. 照片，图画；影片；景色；化身
vt. 画；想像；描写"
pile,"n. 堆；大量；建筑群
vt. 累积；打桩于
vi. 挤；堆积；积累"
pitch,"n. 沥青；音高；程度；树脂；倾斜；投掷；球场
vt. 投；掷；定位于；用沥青涂；扎营；向前倾跌
vi. 倾斜；投掷；搭帐篷；坠落"
plate,"n. 碟；金属板；金属牌；感光底片
vt. 电镀；给…装甲"
plus,"prep. 加，加上
n. 正号，加号；好处；附加额
adj. 正的；附加的"
pocket,"n. 口袋；钱；容器
adj. 小型的，袖珍的；金钱上的
vt. 隐藏；忍受；将…放入衣袋
vi. 形成袋或囊"
pool,"n. 联营；撞球；水塘；共同资金
vt. 合伙经营
vi. 联营，合伙经营"
preserve,"n. 保护区；禁猎地；加工成的食品
vt. 保存；保护；维持；腌；禁猎"
press,"n. 压；按；新闻；出版社； 印刷机
vt. 压；按；逼迫；紧抱
vi. 压；逼；重压"
prize,"n. 奖品；奖赏；战利品
adj. 获奖的
vt. 珍视；捕获；估价"
process,"n. 过程，进行；方法，步骤；作用；程序；推移
adj. 经过特殊加工（或处理）的
vt. 处理；加工
vi. 列队前进"
produce,"n. 农产品，产品
vt. 生产；引起；创作；生育，繁殖
vi. 生产，创作"
program,"n. 程序；计划；大纲
vt. 用程序指令；为…制订计划；为…安排节目
vi. 编程序；安排节目；设计电脑程式"
promise,"n. 许诺，允诺；希望
vt. 允诺，许诺；给人以…的指望或希望
vi. 许诺；有指望，有前途"
prompt,"n. 提示；付款期限；DOS命令：改变DOS系统提示符的风格
adj. 敏捷的，迅速的；立刻的
vt. 提示；促进；激起；（给演员）提白
adv. 准时地"
quarter,"num. 四分之一
n. 四分之一；地区；季度；一刻钟；两角五分；节
vt. 将…四等分；供某人住宿
vi. 住宿；驻扎"
race,"n. 属，种；种族，人种；家庭，门第
vt. 使参加比赛；和…竞赛；使急走，使全速行进
vi. 比速度，参加竞赛；全速行进"
railroad,"n. 铁路；铁路公司
vt. 由铁道运输；铺设铁路；以捏造不实之罪使入狱
vi. 在铁路工作；乘火车旅行；筑铁路"
rank,"n. 排；等级；军衔；队列
adj. 讨厌的；恶臭的；繁茂的
vt. 排列；把…分等
vi. 列为；列队"
rate,"n. 比率，率；速度；价格；等级
vt. 认为；估价；责骂
vi. 责骂；被评价"
reach,"n. 范围；延伸；河段；横风行驶
vi. 达到；延伸；伸出手；传开
vt. 达到；影响；抵达；伸出"
read,"n. 阅读；读物
adj. 有学问的
vi. 读；读起来
vt. 阅读；读懂，理解"
ready,"n. 现款；预备好的状态
adj. 准备好；现成的；迅速的；情愿的；快要…的
vt. 使准备好
adv. 迅速地；预先"
reason,"n. 理由；理性；动机
vt. 说服；推论；辩论
vi. 推论；劝说"
relate,"vt. 叙述；使…有联系
vi. 涉及；认同；符合；与…有某种联系"
release,"n. 释放；发布；让与
vt. 释放；发射；让与；允许发表"
retire,"n. 退休；退隐；退兵信号
vi. 退休；撤退；退却
vt. 退休；离开；收回"
riches,n. 财富；富有；房地产（rich的复数）
rip,"n. 裂口，裂缝
vi. 裂开，被撕裂
vt. 撕；锯"
rocket,"n. 火箭
vt. 用火箭运载
vi. 飞驰，飞快地移动；迅速增加"
run,"n. 奔跑；赛跑；趋向；奔跑的路程
vt. 管理，经营；运行；参赛
vi. 经营；奔跑；运转"
save,"prep. 除...之外
n. 救援
vi. 节省；挽救
vt. 节省；保存；储蓄；解救"
score,"n. 分数；二十；配乐；刻痕
vt. 获得；评价；划线，刻划；把…记下
vi. 得分；记分；刻痕"
scrap,"n. 碎片；残余物；打架；少量
vt. 废弃；使解体；拆毁
adj. 废弃的；零碎的
vi. 吵架"
scrape,"n. 刮掉；擦痕；困境；刮擦声
vt. 刮；擦伤；挖成
vi. 刮掉；刮出刺耳声"
scream,"n. 尖叫声；尖锐刺耳的声音；极其滑稽可笑的人
vi. 尖叫；呼啸；发出尖锐刺耳的声音；令人触目惊心
vt. 尖声喊叫；大叫大嚷着要求"
screen,"n. 屏，幕；屏风
vt. 筛；拍摄；放映；掩蔽
vi. 拍电影"
section,"n. 截面；部分；部门；地区；章节
vt. 把…分段；将…切片；对…进行划分
vi. 被切割成片；被分成部分"
security,"n. 安全；保证；证券；抵押品
adj. 安全的；保安的；保密的"
see,"vi. 看；看见；领会
vt. 看见；理解；领会"
shake,"n. 摇动；哆嗦
vt. 动摇；摇动；震动；握手
vi. 动摇；摇动；发抖"
shape,"n. 形状；模型；身材；具体化
vt. 形成；塑造，使成形；使符合
vi. 形成；成形；成长"
shock,"n. 休克；震惊；震动；打击；禾束堆
adj. 浓密的；蓬乱的
vt. 使休克；使震惊；使震动；使受电击；把…堆成禾束堆
vi. 感到震惊；受到震动；堆成禾束堆"
shore,"n. 海滨；支柱
vt. 支撑，使稳住；用支柱撑住"
shot,"n. 发射；炮弹；射手；镜头
v. 射击（shoot的过去式和过去分词）
adj. 用尽的；破旧的；杂色的，闪光的"
show,"n. 显示；表演；炫耀
vt. 显示；说明；演出；展出
vi. 显示；说明；指示"
shy,"n. 投掷；惊跳
adj. 害羞的；畏缩的，胆怯的
vi. 投；畏缩；惊退；厌恶
vt. 投；乱掷"
side,"n. 方面；侧面；旁边
adj. 旁的，侧的
vt. 同意，支持
vi. 支持；赞助；偏袒"
signature,n. 署名；签名；信号
sit,"vi. 坐；位于
vt. 使就座"
slow,"adj. 慢的；减速的；迟钝的
vt. 放慢；阻碍
vi. 变慢；变萧条
adv. 慢慢地；迟缓地"
soar,"n. 高飞；高涨
vi. 高飞；高耸；往上飞舞"
sound,"n. 声音，语音；噪音；海峡；吵闹；听力范围； 探条
adj. 健全的，健康的；合理的；可靠的；有效彻底的
vt. 听（诊）；测量，测…深；使发声；试探；宣告
vi. 听起来；发出声音；回响；测深
adv. 彻底地，充分地"
spell,"n. 符咒；一段时间；魅力
vi. 拼字；轮替
vt. 拼，拼写；意味着；招致；拼成；迷住；轮值"
square,"n. 平方；广场；正方形
adj. 平方的；正方形的；直角的；正直的
vt. 使成方形；与…一致
vi. 一致；成方形
adv. 成直角地"
star,"n. 星，恒星；明星；星形物
adj. 明星的，主角的；星形的
vt. 用星号标于；由…主演，由…担任主角
vi. 担任主角"
statement,n. 声明；陈述，叙述；报表，清单
stem,"n. 干；茎；船首；血统
vt. 阻止；除去…的茎；给…装柄
vi. 阻止；起源于某事物；逆行"
story,"n. 故事；小说；新闻报道；来历；假话
vt. 用历史故事画装饰
vi. 说谎"
straight,"n. 直；直线；直男，直女，异性恋者
adj. 直的；连续的；笔直的；正直的；整齐的；异性恋的
adv. 直接地；不断地；立即；坦率地"
stretch,"vt. 伸展,张开；（大量地）使用，消耗（金钱，时间）；使竭尽所能；使全力以赴；
n. 伸展，延伸
vi. 伸展；足够买（或支付）"
string,n. 线，弦，细绳；一串，一行
strong,"adj. 坚强的；强壮的；牢固的；擅长的
adv. 强劲地；猛烈地"
submit,"vi. 提交；服从
vt. 使服从；主张；呈递"
suite,n. （一套）家具；套房；组曲；（一批）随员，随从
swallow,"n. 燕子；一次吞咽的量
vt. 忍受；吞没
vi. 吞下；咽下"
take,"vi. 拿；获得
vt. 拿，取；采取；接受（礼物等）；买，花费；耗费（时间等）
n. 捕获量；看法；利益，盈益；（入场券的）售得金额"
tease,"vt. 取笑；戏弄；梳理；欺负；强求；使起毛
n. 戏弄；爱纠缠的小孩；挑逗者；卖弄风骚的女孩
vi. 取笑"
tell,"vt. 告诉，说；辨别；吩咐；断定
vi. 讲述；告发，泄密；识别"
temper,"n. 脾气；（钢等）回火；性情；倾向
vt. 使回火；锻炼；调和；使缓和
vi. 回火；调和"
term,"n. 术语；学期；期限；条款；(代数式等的)项
vt. 把…叫做"
tight,"adj. 紧的；密封的；绷紧的；麻烦的；严厉的；没空的；吝啬的
adv. 紧紧地；彻底地"
tip,"n. 小费；尖端；小建议，小窍门；轻拍
vt. 给小费；倾斜；翻倒；装顶端
vi. 给小费；翻倒；倾覆"
title,"n. 冠军；标题；头衔；权利；字幕
adj. 冠军的；标题的；头衔的
vt. 加标题于；赋予头衔；把…称为"
trade,"n. 贸易，交易；行业；职业
vt. 用…进行交换
vi. 交易，买卖；以物易物"
traffic,"n. 交通；运输；贸易； 通信量
vt. 用…作交换；在…通行
vi. 交易，买卖"
tricky,adj. 狡猾的；机警的
turn,"n. 转弯；变化；(损害或有益于别人的)行为，举动，举止
vi. 转向；转变；转动
vt. 转动，使旋转；转弯；翻过来；兑换"
twist,"n. 扭曲；拧；扭伤
vt. 捻；拧；扭伤；编织；使苦恼
vi. 扭动；弯曲"
union,n. 联盟，协会；工会；联合
universe,n. 宇宙；世界；领域
wage,"n. 工资；代价；报偿
vt. 进行；开展
vi. 进行；发动；从事"
wake,"n. 尾迹；守夜；守丧
vt. 叫醒；激发
vi. 醒来；唤醒；警觉"
wash,"n. 洗涤；洗的衣服；化妆水；冲积物
vt. 洗涤；洗刷；冲走；拍打
vi. 洗澡；被冲蚀"
weather,"n. 天气；气象；气候；处境
vt. 经受住；使风化；侵蚀；使受风吹雨打
adj. 露天的；迎风的
vi. 风化；受侵蚀；经受风雨"
wing,"n. 翼；翅膀；飞翔；派别；侧厅，耳房，厢房
vt. 使飞；飞过；空运；增加…速度；装以翼
vi. 飞行"
withdraw,"vt. 撤退；收回；撤消；拉开
vi. 撤退；离开"
account for,"na. 证明；由于；说明(银钱等的)用途；打死
 解释；占；说明…的原因"
act against,"na. 违反(法律等)；作不利于…的事
 消灭；淘汰"
act out,"v. 演出
 表演；表演出来；把……表演出来"
agree on,"na. 对…意见一致
 同意；对……取得一致意见；商定"
all the more,"na. “All the better”的变体
 更加；益发；越发"
argue against,"na. 反对…
 据理反对；争辩；为反对…而辩论"
around the corner,"na. (=  round the corner)在拐角那里
 在拐角处；即将来临；即将到来"
at length,"na. 最后；充分地
 详细地；终于；终于，最终"
at odds with,"adj. 相抗争于
 与…不一致；与…不和；差异"
at risk,"un. 担风险
 有危险；在危险中；处于危险中"
at the brink of, 濒临……边缘
at the very least,"na. 一点
 至少；起码；最低限度"
back and forth,"na. 来回地
 反复地；往返；前后"
be akin to,"na. 是…的同族；类似
 类似于；相似的；法国"
bear out,"na. 证明
 证实；支持；证实是正确的"
bed down,"v. 使…安睡；下陷；卧睡
 铺床睡；安排过夜；准备住处"
beef up, <口>加强，补充（人数、兵力）等; 使更大（更好、更有意思等）
be flooded with, 充斥；充满；被……所淹没
bet on, 打赌；为某事打赌；就…打赌
boil down to,"na. (被)归结起来是…；(审判等到最后)表明
 归结为；简化为，归结为；归根到底"
boot up,"un. 启动；自举；引导；使系统开始工作
 开机；开机后；起动"
bound for,"adj. 驶往…的
 开往；飞往；开往……的"
break down,"v. 分解；抛锚；分析；划分
 损坏；出故障；瓦解"
break through,"na. 突破(点)；(科技等的)重大发现；关键问题的解决
 突围；冲破；冲垮"
break up,"v. 拆散；打碎；剖割(兽体等)；破坏
 分手；结束；分解"
break with,"na. 与…断绝关系；破除(恶习等)
 与...绝交；与…决裂"
bring about,"na. 造成；带来；(使船)回转
 引起；导致；产生"
bring back,"na. 送回；使恢复；使回忆起
 拿回来；带回；带回来"
bring down,"na. 降低；击落；削减；使落下
 打倒；使下降；使倒下"
bring forth,"na. 提出；生
 产生；使产生；发表"
bring in,"na. 生产；生(利)；收获(农作物等)；挣得(报酬等)
 引进；带来；引入"
bring out,"na. 公布；说出；出版；上演
 生产；阐明；说明"
bring ... to bear,"na. 施加(压力等)；瞄准；集中(力量)；完成
 实现；运用；产生影响"
bring ... to bear on,
bring together,"na. 集合
 使团结；使…团结起来；撮合"
bring up,"na. 抚养；教导；教育；在…长大
 培养；提出；养育"
burn down,"na. 把…烧成平地；(蜡烛等)逐渐烧完；火力减弱
 烧毁；烧光；烧为平地"
burst with,"na. 装满
 充满；突然发生；许多负面实体充满着"
buy up,"na. 囤积；整批收购；购进(其他公司)
 尽可能买进；全部买进；全部买下"
by all means,"na. 必定；千方百计；不惜一切；好的
 务必；一定；无论如何"
call for,"na. 呼吁；主张；需要；接(某人)
 要求；提倡；号召"
call on,"na. 号召；指名要(某人)去干(某事)；请求；访问
 拜访；呼吁；拜访某人"
call out,"na. 呼喊；大声叫唤；召集；号召罢工
 大声叫喊；唤起；出动"
capitalize on,"v. 利用
 投机倒把；从中利用；获利"
cater to,"v. 迎合
 投合；满足某种需要或要求；满足……的需要"
clamp down,"v. 严厉打击；强制执行；严禁；施压
 取缔；施加压力；对……施压"
close in on,"un. 崩塌下来；接近；笼罩
 包围；逼近；进逼"
close off,"na. 结(账)；隔离；封锁；阻塞
 结帐；封死；关闭"
come across,"na. 尽(义务)；发现；碰见；(穿过…)来到
 遇见；偶然遇见；碰到"
come away,"na. 脱掉
 离开；脱落；脱离"
come out,"na. 出来
 出现；出柜；现身"
come to life,"na. 苏醒过来
 复活；活跃起来；恢复生气"
come up with,"na. 想出(一个主意或计划)；提出；提供；筹措
 赶上；找到；想出某事"
confide to,"v. 倾述
 信赖；透露"
could yet do sth.,
count for,"un. 倒数；算作
 有价值；有重要性；对……有价值"
count on,"na. 指望；预料到；期望
 依靠；依赖；期待"
crop up,"v. 突然发生；出现
 突然出现；出其不意；突然发生或出现"
crack down,"na. 敏捷地做；拼命做
 镇压；制裁；打击"
creep into,"na. 悄悄混进
 开始发生；开始发生于；溜进"
cut across,"na. 对直穿过；同“cut”
 抄近路；抄近路穿过；走捷径"
cut back,"na. 缩减；修剪(树枝等)；回叙往事
 削减；减少；消减"
cut out,"na. 割掉；除去；剪下；开辟
 停止；删除；切掉"
cut through,"v. 洞穿
 穿过；直通式；穿透"
depart from,"na. 背离；不合(习惯等)；违反
 离开；离开，起程；开出"
dip in,"v. 拿取自己的一份
 浸泡；蘸；沾"
do one's bit,"na. 见 bit 条
 尽自己的一份力量；尽力；尽一份力"
draw from, 从…得到; 根据（记忆、构想等）绘画; 从…召集; 从（某处）取出
draw on,"na. 穿；依赖；靠；吸收
 利用；戴上；动用"
drive away,"v. 赶走
 开走；把车开走；离开"
drive back," 驾车返回, 驱车返回; 迫使后退; 逐退; 却"
drive down,"na. 压低
 沿着……开车；降低；向下开"
drop out,"na. 退出；(因不满传统制度而)退出正常社会；落出；隐退
 退学；辍学；掉落"
embark on,"un. 着手
 从事；开始；开始着手做某事"
embed ... in,
fall off,"na. 下降；(从马上)掉下来；扫兴颓丧；离开
 跌落；减少；衰退"
fall out,"v. 吵架；争执；闹僵；分手
 争吵；脱落；闹翻"
fall short,"na. “come short”的变体
 不足；达不到；缺乏"
fend off,"na. 挡开；避开(灾祸等)
 挡回；抵御；垫开"
fight back,"na. 抵抗
 反击；还击；回击"
fight for,"v. 争取
 为…而战；为……而斗争；为…而战斗"
fight off, 在战斗中击败（某人）; 竭力摆脱; 辟
figure out,"na. 估计；解决；了解；确定
 想出；算出；计算出"
fill out,"na. 填写(表格等)；变胖；长胖；胖起来
 填表；填好；填充"
find one's way,"na. 到达
 找到路；设法到达；找到路径"
find one's way to,"na. 到达(目的地)
 设法赶到；设法到达；找到…的去路"
fit into, （使）适合， （使）合乎…的时间，与…融为一体; 纳入
flag up, 举旗
flesh out,"na. 充实；使…具体化
 使有血有肉；使之更充实并具体化；充实完整"
follow suit,"na. 跟出同花色的牌；学样
 跟着做；照着做；跟风"
follow through on,
follow through,"v. 坚持到底
 自始至终完成工作；进行到底；随球动作"
follow through with,彻底完成(计划、任务等)
for all,"na. 无论…怎样；虽有…仍然
 尽管；虽然；所有"
for good,"na. 永久地
 永远；一劳永逸地；永远地"
for the sake of,"adv. 为了…起见
 为了…的利益；为了…的目的；为了…的缘故"
fork over,"na. 交出
 付出；支付；交付"
fuss over,"v. 焦虑
 过分关心；过分体贴；因…着急"
get one's hands on,"un. 大干一番；拿到
 占有；得到，找到；弄到"
give away,"na. 赠送；分发；放弃；露马脚
 泄露；出卖；分送"
give priority to,"na. 把优先权让给…
 为主；优先考虑；认为优先"
give rise to,"na. 惹起
 引起；导致；使发生"
go about,"na. 走来走去；着手(工作)；(谣言等)流传；掉转船头
 从事；着手做；忙于"
go in for,"na. 赞成；寻求；参加
 从事；追求；爱好"
go off,"na. 进行得 (well； badly)；(话等)冒出
 爆炸；离开；离去"
go through,"na. 认真检查；仔细地搜；(提案或法案)通过；被批准
 经历；经受；仔细检查"
grapple with, 与……搏斗；尽力解决；扭打
guard against,"v. 防止；加以预防；抵御
 提防；防备；防范"
hail from,"v. 来自
 出生于；来自于；来自或发源于"
hand out,"na. 分；拿出来；施舍
 分发；散发；分给"
hand over,"v. 转交；递给；送交(警察或有关当局)处理；移交(权力等)
 交出；让与；交给"
have one's hands full,"na. 手头事很多
 很忙；忙得不可开交；离不开手儿"
hit home,"na. 击中要害；触及痛处；“hit/strike home”的变体
 切中要害；打中要害；命中要害"
hold back,"na. 阻止；踌躇；隐瞒；抑制
 退缩；控制；退缩不前"
hold off,"na. 拖延；抵抗(进攻等)；使不接近
 推迟；迟疑；延缓"
impact on, 影响；对…冲击，碰撞；对…之影响
in accordance with,"na. 照；与…一致
 按照；根据；依照"
in line with,"na. 和…成一直线；和…一致
 符合；按照；跟…一致"
in place,"na. 得其所；适当的
 在适当的位置；在合适的位置；适当地"
in relation to,"na. 关于…
 涉及；有关；与…相比"
in terms of ...,
integrate into, 融入到……中去；成为一体，融入；使并入
keep ... off ...,
keep track of,"na. 追踪；记录；保持联系；密切注意…的动向
 与…保持联系；跟踪；保持对……的联系"
kick back,"na. 反冲；踢回；突然退缩；交付(租金,佣金,酬金等)
 休息；回扣；轻松休息"
kick out,"na. 踢出；解雇；踢足球出界
 逐出；把球踢出界；开除"
knock off,"na. 敲落；中止(工作)；即席作(诗文等)；减低(价格)
 下班；停工；打落"
knock out,"na. 敲出；敲空；使屈服；使无用
 击倒；击昏；打破"
lay off,"na. 辞退；停止；暂停
 解雇；下岗；裁员"
lay out,"n. 布局；设计；规划；安排
 布置；摆开；花费"
leave behind,"na. 遗留；留下；追过；留在后头
 超过；落后；丢弃"
lie in,"na. 存在于；(分娩后)坐月子
 位于；睡懒觉；躺在"
lie with,"na. 和…发生性关系；(责任,义务,决定权等)在于…
 取决于；是…的责任；苟合"
line up,"na. 整顿(机械等)；排成一列；使(兵士)排齐；整顿阵容
 排队；整队；排成一行"
live by,"na. 靠…为生；住在…附近
 以……为生；靠……为生；靠……生活"
live off,"na. 住在…之外；以…为生
 靠…生活；靠……供养；依赖…生活"
look at,"na. 看；考虑
 看着；注视；瞧"
look down on,"v. 轻视；看不起
 瞧不起；蔑视；看不起某人"
look up to,"v. 尊敬；另眼看待；向…一举一动看齐
 敬仰；仰望；尊重"
make sense,"na. (话等)有意义；合理；有道理；讲得通
 言之有理；使…有意义；好理解"
make up,"na. 弥补；起草；定；签订
 组成；化妆；编造"
make up for,"v. 偿还；赔偿
 弥补；补偿；补偿，弥补"
mark out,"na. 指示；拟订(计划)；注意；选拔
 规划；标出……界线；划出"
may well,"na. 也有好处
 很可能；保不住；充分理由"
meet up,"v. 偶尔遇见
 偶遇；见面；约见"
meet with,"na. 碰见；遭遇；偶然发现；达到
 遇见；遇到；碰到"
miss out on,得不到期望中的东西，没得到期望中的东西，错过机会；不能掌握
offer up,"v. 奉上
 献上；贡献；奉献"
on a shoestring,"na. 用很少的钱
 生活拮据；小本经营；以极少的资金或不用资金"
on behalf of,"na. 替；为…的利益
 代表；代表某人；以…名义"
on course,"un. 原来；在航道上飞行；在航线上
 在规定的过程中；在正确方向上；维持在……方向上"
on line,"un. 在线的；联机；电站并网；机控
 在线式；线上；上线"
on the back burner, 暂且放一放; 从长计议; 以后再做（或考虑）某事; 停止
on the ground,adv. 在地上，当场，在决斗; 席地; 地下
on top of,"na. 在…之上；逼近；胜任(工作等)；掌握(情况等)
 在…上面；除…之外；另外"
out of sight,"adv. 无影无踪
 看不见；战略高手；在视野之外"
pair with, 与…配对；与…成对；使…与…配成对
part with,"na. 跟…分别；解雇；卖掉(东西)
 放弃；割舍；辞退"
pass down,"un. 过；一闪即逝；下达
 传递；传下去；传下来"
pick up,"v. 拾起；探出；重新开始
 捡起；拿起；学会"
pin down,"na. 强迫(人)承认条约；用…束缚住；阻止；牵制
 确定；压制；使受约束"
play a part,"na. 扮演…角色；假装
 起作用；扮演角色；扮演一个角色"
plunge in,"un. 伏角；单刀直入；趁势插话
 积极参加；猛刺"
plunge into,"v. 投入；跳进
 跳入；纵身投入，跳入；投身于"
pop into, 访问某人；匆匆走进；不假思索地到
pour out,"v. 倾吐；诉说
 涌出；倾诉；倾倒"
preclude ... from ...,
press for,"na. 催逼；(时间)迫促；(资金)短少
 迫切要求；催促；敦促"
prey on,"v. 捕食；掠夺
 杀害；掠夺折磨；折磨，损害"
pull off,"na. 赢得；做成某事；(在路边)停车；下载
 完成；脱下；努力实现"
pull out,"na. 拔(牙等)；把船划出；(车,船等)开出；(人)出发
 拔出；驶出；抽出"
push for,"un. 拢；推到后面去；力图争取
 奋力争取；为…奋力争取；催逼"
put down to, 归因于；说…因而起；归因为
put forward,"na. 提出(计划,意见等)；建议；促进；推举(候补人等)
 提前；推荐；表提出"
rake in,"un. 赚大钱
 迅速取得；大量地敛集；大量敛集"
reach out,"na. 伸(手)；伸手(拿…)；(手)伸向前；(草木向…)生长
 伸出；伸出手；伸出双手"
reflect on,"v. 考虑；回想
 反省；思考；仔细考虑"
regardless of,"prep. 不管；不顾；不理会
 不论；无论；不注意"
rein in,"na. 勒住(马)；控制
 抑制；放慢；约束"
rest with,"na. 取决于
 在于；归于；由……负责"
result in,"na. 终于(失败)
 导致；结果是；造成"
rip off,"v. 剥削；抢劫；强奸；剽窃
 宰客；宰人；撕掉"
roll out,"na. 滚出；离开；展开；起床
 铺开；辗平；转出"
rule out,"na. 排除
 排除…的可能性；划去；拒绝考虑"
rush through,"v. 匆匆完成
 匆忙做完；快速通过；匆忙通过"
sail through, 顺利通过；轻快地经过；轻快地走过
scale back,"na. 相应缩减
 按比例缩减；减少；缩小"
scale down,"na. (按比例)缩减；分频；“scale back”的变体
 按比例缩小；缩小比例；按比例减少"
scoop up,"v. 舀出
 铲起；用铲子取；舀上来"
search through, 把……仔细搜寻一遍；查找；翻遍
seize on,"na. 猛扑；袭击；利用；采用(提议)
 抓住；抓住，抓紧；占有"
serve up,"na. 端出(饭菜等)；上(菜)；同“serve”
 端上；提供；提出"
set the tone,"un. 摆餐具；定调子
 定下基调；设定基调；为公司定调"
set up,"na. 建立；创立；发起；开办
 设立；设置；成立"
shell out,"na. 交出；付出；付款
 支付；交付；出需要的或应付的钱"
shrug off,"na. (耸肩)表示轻蔑；摆脱；扭身脱掉(衣服)
 耸肩表示对…不屑理睬；对…不屑一顾；对……满不在乎"
side with,"v. 援助；偏袒
 支持；一边，支持；站在…一边"
sit on,"na. 压制；责备；审理(案件等)；调查
 拖延；坐在……上；为…的成员"
slacken off,"un. 松劲
 萧条；懈怠；松懈"
slow down,"na. 闲下来；减缓；放慢速度；减速
 慢下来；慢点；慢驶"
soak up,"v. 吸取
 吸收；摄取；吸收摄取"
sort out,vt.& vi. 把…安排妥当; （从…中）区分出来，辨别出来; 分类; 整理; 整顿; 解决
spell out,"na. 详细说明；正式拼写
 讲清楚；清楚地说明；拼出"
squeeze out,"na. 榨取；排斥
 挤出；榨出；排挤"
stake out,"na. “stake off”的变体
 立桩标出；放样；监视"
stand down,"na. 退出证人席位；暂时辞退；不在值勤中
 退下；下台；退出竞选"
stand out,"na. 突出；显著；不参加战争；抵抗到底
 显眼；引人注目；站出来"
stand up for,"na. 拥护
 支持；维护；坚持"
start out,"na. 跳出；开始；企图
 出发；动身；着手"
stay put,"na. 安装牢固
 停住不动；留在原处不动；留在原地"
stem from,"v. 出于；基于
 起源于；来自；源自"
step up,"v. 加紧；走上前；登上；增加
 舞出我人生；提高；舞出真我"
stick it out,"v. 忍耐到底
 坚持到底；顶下去；要坚持到底"
stick together,"v. 粘合起来
 团结一致；粘在一起；互相支持"
stick with, 坚持；继续支持；坚持做
stock up on, 囤积；备货；储备
strike sb. as ...,
strive for,"v. 争取；奋发图强；收下
 为…而奋斗；为…奋斗；力求"
take off,"v. (飞机)起飞；出去；拿掉；移送
 脱下；脱掉；脱去"
take on,"na. 担任(工作等)；较量；装(某种样子)；呈现(形势)
 承担；雇用；雇佣"
take over,"na. 接管；继承
 接收；接任；接替"
take the place of,"na. 接替某人的位置
 代替；取代；替代"
tease out,"na. (将纠缠在一起的东西)整理；得出
 梳理；哄取；挑出"
thin out,"na. 间(苗)；(听众)减少；变薄
 尖灭；煤层薄；稀薄"
thrive on,"v. 靠…繁荣
 因……蓬勃发展；以……旺盛；在…中旺盛生长"
throw into,"na. 使投身于
 扔进；投入；投注"
to the letter,"na. 严格按照字句；详细知道；了如指掌
 不折不扣；不折不扣地；彻头彻尾"
touch on,"na. 说到
 涉及；提及；谈及"
try out,"na. (采用前)严密试验；筛矿；量(金属的)纯度
 试用；尝试；考验"
turn around,"na. 转身；使向好的方向转变
 回转；转过身；转过来"
turn on,"na. 转向；对…进行突击
 打开；接通；开启"
turn on its head,完全改变
turn over,"na. ￡ 500 a week 每星期卖得五百镑
 移交；翻转；翻过来"
under fire,"na. 在炮火下；受到攻击；在弹雨下
 战火下；受攻击；遭到攻击"
up front,"na. 在前面；预先
 前线；沙场乐；在前台"
usher in,"na. 迎接(来客)；传报
 开创；开始；引领"
ward off,"v. 挡开；架开
 避开；防止；挡住"
watch out for,"v. 期待；等待
 留意；密切注意；警惕"
wear off,"na. (精力)衰退；(衣服等)渐破
 逐渐消失；磨损；渐渐减少"
wear out,"na. 精疲力尽；用坏；穿破；磨破
 磨损；穿坏；穿旧"
weigh in,"v. 参加，称重量，比赛前量体重
vi. （口语）发表评论; 施加影响"
work against, 对……不利；对…产生不利的作用和影响；反对
work out,"v. 作出；拟定；制定；计划一下
 算出；解决；制定出"
write off,"na. 注销(债款等)；报废；提笔就写(文章等)；减低资产账面额
 勾销；取消；冲销"
abdicate,"vt. 退位；放弃
vi. 退位；放弃"
abuzz,adj. 嗡嗡的；嘁嘁喳喳的；呈现忙碌状况(的)；议论纷纷(的)
acclimation,n. 适应环境（气候、水土等）
accrue,"vt. 获得；积累
vi. 产生；自然增长或利益增加"
adaptability,n. 适应性；可变性；适合性
additive,"n. 添加剂，添加物
adj. 附加的； 加法的"
adjoin,"vt. 毗连，邻接
vi. 毗连，邻接"
adorn,vt. 装饰；使生色
adversarial,adj. 对抗的；对手的，敌手的
aeronautics,n. 航空学；飞行术
affirmative,"n. 肯定语；赞成的一方
adj. 肯定的；积极的"
afloat,"adj. 在海上的；飘浮的；浸满水的；在传播的
adv. 在海上；飘浮著；浸满水"
aging,n. 老化；陈化，熟化
agitator,n. 搅拌器；鼓动者；煽动者
agonize,"vt. 使极度痛苦；折磨
vi. 感到极度痛苦；挣扎"
alloparent, 异亲
alloparenting, 替代父母行为；养育子女；抚育有难邻居孤儿
allot,vt. 分配；拨给；分派
altruistic,adj. 利他的；无私心的
amass,vt. 积聚，积累
anthropology,"n. 人类学
人类学家"
anthropologist,n. 人类学家；人类学者
antiquity,n. 高龄；古物；古代的遗物
aquatic,"n. 水上运动；水生植物或动物
adj. 水生的；水栖的；在水中或水面进行的"
arc,"n. 弧（度）；弧光（全称electric arc）；弧形物；天穹
adj. 圆弧的；反三角函数的
vt. 形成电弧；走弧线"
aristocrat,n. 贵族
aristocratic,adj. 贵族的；贵族政治的；有贵族气派的
asocial,adj. 自私的；不合群的；缺乏社交性的
assuage,vt. 平息；缓和；减轻
astounding,adj. 令人震惊的；令人惊骇的
autobiography,n. 自传；自传文学
avant-garde,"n. 先锋派；前卫派
adj. 前卫的；先锋的"
averse,adj. 反对的；不愿意的
aversion,n. 厌恶；讨厌的人
backdrop,n. 背景；背景幕；交流声
backlog,"n.  积压的工作；积压待办的事务；大木材
vt. 储备；把…积压起来"
bandwidth,n.  带宽； 频带宽度
beacon,"n. 灯塔，信号浮标；烽火；指路明灯
vt. 照亮，指引
vi. 像灯塔般照耀"
benchmark,"n. 基准；标准检查程序
vt. 用基准问题测试（计算机系统等）"
big-name,adj. 大名鼎鼎的
billboard,"n. 广告牌；布告板
vt. 宣传；介绍"
billionaire,n. 亿万富翁
bimonthly,"n. 双月刊
adj. 两月一次的；每月两次的
adv. 隔月地；一月两次地"
biodiversity,n. 生物多样性
biomass,n. （单位面积或体积内的） 生物量
biotech,abbr. 生物技术；生物科技（biotechnology）
biotic,adj. 生物的；有关生命的
blacksmith,n. 铁匠；锻工
bourgeois,"n. 资本家；九点活字；中产阶级的人；追求物质享受和社会地位者
adj. 资产阶级的；中产阶级的；贪图享受的"
brim,"n. 边；边缘
vi. 满溢；溢出
vt. 使…满溢"
broadband,"n. 宽频；宽波段
adj. 宽频带的；宽波段的；宽频通讯的"
broccoli,n. 花椰菜；西兰花
buck,n. （美）钱，元；雄鹿；纨绔子弟；年轻的印第安人或黑人
burnout,n. 烧坏；燃料烧尽
buy-in,"n. （证券或商品交易中的）空头购入
vt. （证券或商品市场上在交割日期前以空头）买进；入股
vi. （证券或商品市场上在交割日期前以空头）买进；入股"
buzzword,n. 流行词
campaigner,n. 竞选者；从军者；出征者；老兵
caravan,"n. （可供居住的）拖车，大篷车；（穿过沙漠地带的）旅行队（如商队）；<英>活动住宅；<美>移民列车
vi. 乘拖车度假；参加旅行队旅行"
caravanserai,n. 商队旅馆，大旅舍
caregiver,n. 照料者，护理者
cartel,n. 卡特尔；企业联合；垄断联盟；俘虏交换条约
cascade,"n. 小瀑布，瀑布状物；串联
vi. 像瀑布般大量倾泻下来
vi. 像瀑布般悬挂着"
casino,n. 俱乐部，赌场；娱乐场
catalyst,n.  催化剂；刺激因素
chariot,"n. 二轮战车
vt. 驾驭（过去式charioted，过去分词charioted，现在分词charioting，第三人称单数chariots）
vi. 乘战车；驾驭战车"
choosy,adj. 好挑剔的
chronicle,"n. 编年史，年代记；记录
vt. 记录；把…载入编年史"
chunk,n. 大块；矮胖的人或物
circumvent,v. 包围；智取；绕行，规避
coax,"vt. 哄；哄诱；慢慢将…弄好
vi. 哄骗；劝诱"
cog,"n. 钝齿；雄榫
vi. 以雄榫连接；一致，吻合；掷骰子时作弊，诈骗
vt. 给…装配齿轮；以雄榫连接"
collodion,n. 火棉胶； 胶棉
commentator,n. 评论员，解说员；实况播音员；时事评论者
commuter,n. 通勤者，经常乘公共车辆往返者； 月季票乘客
compliant,adj. 顺从的；服从的；应允的
composure,n. 镇静；沉着
computational,adj. 计算的
conceited,adj. 自负的；狂想的；逞能的
conformity,n. 一致，适合；符合；相似
constraint,n.  约束；局促，态度不自然；强制
co-worker,n. 同事；合作者
craze,"n. 狂热
vt. 使发狂；使产生纹裂
vi. 发狂；产生纹裂"
creek,n. 小溪；小湾
crumble,"n. 面包屑
vi. 崩溃；破碎，粉碎
vt. 崩溃；弄碎，粉碎"
crux,n. 关键；难题；十字架形，坩埚
cubicle,n. 小卧室；小隔间
cure-all,n. 万灵药
cursory,adj. 粗略的；草率的；匆忙的
darkroom,n. 暗房； 暗室
data bank,"na. 资料库
 数据库；数据银行；资料银行"
dearth,n. 缺乏；饥馑；粮食不足
decentralise,"vt. 权力下放，将（权力等）自中央政府转到地方政府; 将（工业、工人等）自集中点分散到较大的区域内
n. 分散"
deceptiveness,n. 虚伪；迷惑骗人
deep-pocketed,adj. 有钱的
de facto,"adj. 实际上存在的（不一定合法）
 事实上；事实上的；实际上的"
deforestation,n. 采伐森林；森林开伐
degrade,"vt. 贬低；使……丢脸；使……降级；使……降解
vi. 降级，降低；退化"
degradation,n. 退化；降格，降级；堕落
deli,n. 熟食店； 熟食品（等于delicatessen）
delusion,n. 迷惑，欺骗；错觉；幻想
designation,n. 指定；名称；指示；选派
digitalization,n. 数字化；洋地黄疗法；洋地黄丸
dire,adj. 可怕的；悲惨的；极端的
disconnected,"v. 分离（disconnect的过去分词）
adj. 分离的；不连贯的；无系统的"
discontinue,"vt. 停止；使中止
vi. 停止，中断"
disinfect,vt. 将…消毒
dismal,"n. 低落的情绪
adj. 凄凉的，忧郁的；阴沉的，沉闷的"
disparity,n. 不同；不一致；不等
disproportionate,"adj. 不成比例的
不成比例地"
disproportionately,adv. 不成比例地
disregard,"n. 忽视；不尊重
vt. 忽视；不理；漠视；不顾"
dormant,adj. 休眠的；静止的；睡眠状态的；隐匿的
downhill,"n. 下坡；滑降
adj. 下坡的；容易的
adv. 下坡；向下；每况愈下"
downside,"n. 负面，缺点；下降趋势；底侧
adj. 底侧的"
downstream,"adj. 下游的；顺流的
adv. 下游地；顺流而下"
downtime,n. （工厂等由于检修，待料等的）停工期； 故障停机时间
dreamy,adj. 梦想的；空幻的；轻柔的；恍惚的
drumbeat,n. 鼓声；打鼓声
dub,"n. 笨蛋；鼓声
vt. 配音；轻点；打击；授予称号"
e-commerce,n. 电子商务
econometric,adj. 计量经济学的
egalitarian,"n. 平等主义；平等主义者
adj. 平等主义的"
electrify,vt. 使电气化；使充电；使触电；使激动
elusive,adj. 难懂的；易忘的；逃避的；难捉摸的
empower,vt. 授权，允许；使能够
enact,vt. 颁布；制定法律；扮演；发生
enchantingly,adv. 夺人心魂地；可爱地，迷人地
enclosed,"v. 附上（enclose的过去式和过去分词）
adj. 被附上的；与世隔绝的"
encode,vt. （将文字材料）译成密码；编码，编制成计算机语言
encompass,vt. 包含；包围，环绕；完成
enlist,"vt. 使入伍；征募；谋取…的赞助或帮助
vi. 支持；从军；应募；赞助"
entourage,n. 随从；周围；环境
entrenched,"v. 确立；保证；挖掘壕沟（entrench的过去分词）
adj. 根深蒂固的；确立的，不容易改的"
eradicate,vt. 根除，根绝；消灭
ethos,n. 民族精神；气质；社会思潮
euro,n. 欧元（欧盟的统一货币单位）
exclusionary,adj. 排他的
exemplary,adj. 典范的；惩戒性的；可仿效的
expedite,"vt. 加快；促进；发出
adj. 畅通的；迅速的；方便的"
exterminate,vt. 消灭；根除
extracurricular,adj. 课外的；业余的；婚外的
factoid,"n. 仿真陈述（仅因出现在出版物上而被信以为真）
adj. 虚构的；似是而非的"
fauna,n. 动物群； 动物区系
favoritism,n. 偏袒；得宠
fleeting,"adj. 飞逝的；转瞬间的
v. 迅速移动（fleet的ing形式）"
flip,"n. 弹；筋斗
vi. 用指轻弹；蹦跳
adj. 无礼的；轻率的
vt. 掷；轻击"
flora,n. 植物区系；植物群
folder,n. 文件夹；折叠机；折叠式印刷品
folklore,n. 民俗学；民间传说；民间风俗
foodie,n. 美食家；吃货
forage,"n. 饲料；草料；搜索
vi. 搜寻粮草；搜寻"
forcefully,adv. 强有力地；激烈地；有说服力地
forefront,n. 最前线，最前部；活动的中心
foresight,n. 先见，远见；预见；深谋远虑
forestry,n. 林业；森林地；林学
forgery,n. 伪造；伪造罪；伪造物
formerly,adv. 以前；原来
freshman,n. 新手，生手；大学一年级学生
frugal,adj. 节俭的；朴素的；花钱少的
fruition,n. 完成，成就；结果实
gape,"n. 裂口，张嘴；呵欠
vi. 裂开，张开；打呵欠"
geographic,adj. 地理的；地理学的
geographical,adj. 地理的；地理学的
gerontologist,n. 研究老年病学的专家
gig,"n. 旋转物；鱼叉；轻便双轮马车；现场演出；临时工作
vt. 使…起绒；用鱼叉叉；记过处分
vi. 乘轻便双轮马车；起绒；叉鱼"
glazing,"n. 上釉；玻璃装配业
v. 上釉（glaze的ing形式）"
granite,n. 花岗岩；坚毅；冷酷无情
grassroots,"n. 草根；基础
adj. 基层的；草根的；乡村的"
gravel,"n. 碎石；砂砾
vt. 用碎石铺；使船搁浅在沙滩上；使困惑"
gravitate,vi. 受引力作用；被吸引
greed,n. 贪婪，贪心
greenwash,"n. 漂绿（公司为树立支持环保的虚假形象而作的公关活动、捐赠等）
vt. 把大笔非法来源现金存入银行；匿存非法收入"
hack,"n. 砍，劈；出租马车
vt. 砍；出租
vi. 砍"
hacker,n. 电脑黑客，企图不法侵入他人电脑系统的人
halo,"n. 光环；荣光
vt. 使有晕轮；围以光环
vi. 成晕轮"
halve,vt. 二等分；把……减半
hard drive,"n. 硬盘驱动器
 硬碟；硬碟机；硬盘安装方式"
havoc,"n. 大破坏；浩劫；蹂躏
vt. 严重破坏
vi. 损毁"
haze,"n. 阴霾；薄雾；疑惑
vt. 使变朦胧；使变糊涂
vi. 变朦胧；变糊涂"
headlong,"adj. 轻率的；头向前的；匆促而用力的
adv. 头向前地；猛然用力地"
herbivore,n.  食草动物
hesitation,n. 犹豫
hippocampal,adj. 海马的；海马趾的
hoard,"n. 贮藏物
vt. 贮藏
vi. 积聚钱财；贮藏货物"
holding,"n. 举办；支持
v. 召开；担任（hold的ing形式）；握住"
holistic,adj. 整体的；全盘的
homogenize,"vt. 使均匀；使类同
vi. 变均匀"
hospitalization,n. 住院治疗；医院收容；住院保险（等于hospitalization insurance）
hurdle,"n. 障碍；栏；跳栏
vt. 克服
vi. 克服；跳过"
hype,"n. 大肆宣传；皮下注射
vt. 大肆宣传；使…兴奋"
hyperactivity,n. 极度活跃；活动过度
impinge,"vi. 撞击；侵犯
vt. 撞击"
impoverish,vt. 使贫穷；使枯竭
impressionist,n. 印象主义者；印象派作家
inaction,n. 不活动；迟钝
inborn,adj. 天生的；先天的
incapable,adj. 不能的；无能力的；不能胜任的
incite,vt. 煽动；激励；刺激
inconceivable,adj. 不可思议的；难以置信的；不能想象的；非凡的
inconsistent,adj. 不一致的；前后矛盾的
inefficient,adj. 无效率的，效率低的；无能的
inequality,n. 不平等；不同；不平均
inequity,n. 不公平，不公正
inexorable,adj. 无情的；不屈不挠的；不可阻挡的；无法改变的
infancy,n. 初期；婴儿期；幼年
informality,n. 非正式；不拘礼节
infuse,"vt. 灌输；使充满；浸渍
vi. （茶叶、草药等）被泡"
insatiable,adj. 贪得无厌的；不知足的
insecurity,n. 不安全；不牢靠；无把握；心神不定
insidious,adj. 阴险的；隐伏的；暗中为害的；狡猾的
insulation,n. 绝缘；隔离，孤立
intake,n. 摄取量；通风口；引入口；引入的量
interdisciplinary,adj. 各学科间的；跨学科的
intergenerational,adj. 两代间的
interpersonal,adj. 人际的；人与人之间的
interplay,"n. 相互影响，相互作用
vi. 相互影响，相互作用"
interrelation,n. 相互关系
inventor,n. 发明家； 发明人；创造者
irritability,n. 过敏性；易怒；兴奋性
judiciary,"n. 司法部；法官；司法制度
adj. 司法的；法官的；法院的"
juggle,"vi. 玩杂耍；欺骗；歪曲
vt. 歪曲；欺骗
n. 玩戏法；欺骗"
kaleidoscope,n. 万花筒；千变万化
kinship,n.  亲属关系，家属关系；亲密关系
knight,"n. 骑士，武士；爵士
vt. 授以爵位"
landmark,"n. 陆标；地标；界标；里程碑；纪念碑；地界标；划时代的事
adj. 有重大意义或影响的"
landowner,n. 地主，土地所有者
leftover,"n. 残留物；吃剩的饭菜；剩余物
adj. 残余的；吃剩的"
lenient,adj. 宽大的；仁慈的
lighten,"vi. 减轻；发亮
vt. 使照亮；使轻松"
like-minded,adj. 志趣相投的；具有相似意向或目的的
litany,n. 冗长而枯燥的陈述；连祷
loft,"n. 阁楼；顶楼；鸽房
vt. 把…储放在阁楼内
vi. 将球高击"
loneliness,n. 寂寞，孤独
lopsided,adj. 不平衡的，倾向一方的
magnificence,n. 壮丽；宏伟；富丽堂皇
majestic,adj. 庄严的；宏伟的
malpractice,n. 玩忽职守；不法行为；治疗不当
managerial,adj.  管理的；经理的
mania,n. 狂热；狂躁；热衷
manifesto,"n. 宣言；声明；告示
vi. 发表宣言"
marketplace,n. 市场；商场；市集
marsh,"n. 沼泽；湿地
adj. 沼泽的；生长在沼泽地的"
maternal,adj. 母亲的；母性的；母系的；母体遗传的
maximal,adj. 最高的，最大的；最全面的
medicalize,vt. 用医学方法处理（非医学问题等）
memorable,adj. 显著的，难忘的；值得纪念的
memorize,vt. 记住，背熟；记忆
memorization,n. 记住；暗记
merger,n. （企业等的）合并；并购；吸收（如刑法中重罪吸收轻罪）
messy,adj. 凌乱的，散乱的；肮脏的，污秽的；麻烦的
middleman,n. 中间人；经纪人；调解人
mid-list,
milestone,n. 里程碑，划时代的事件
millennium,n. 千年期，千禧年；一千年，千年纪念；太平盛世，黄金时代
millisecond,n. 毫秒
miner,n. 矿工；开矿机
misconduct,"n. 不端行为；处理不当
vt. 处理不当；行为不检"
misinterpret,vt. 曲解，误解
misinterpretation,n. 误解；误释
misrepresent,"vt. 歪曲，误传；不合适地代表
vi. 虚伪陈述；歪曲报道"
misuse,"vt. 滥用；误用；虐待
n. 滥用；误用；虐待"
mitigate,"vt. 使缓和，使减轻
vi. 减轻，缓和下来"
monetize,vt. 定为货币，使成为合法货币；铸造成货币
mow,"n. 草堆；皱眉；谷堆
vt. 割草；收割庄稼
vi. 割草；收割庄稼"
multinational,"adj. 跨国公司的；多国的
n. 跨国公司"
networking,"n. 计算机网络的设计；一种互助性的网络体系
v. 交流（network的ing形式）；联络"
net-zero, 净零耗能；零加薪；零调整
neurology,n. 神经病学；神经学
neuroscience,n. 神经系统科学（指神经病学、 神经化学等）
neuroscientist,n. 神经系统科学家
newsroom,n. 新闻编辑部；报刊阅览室
newsstand,n. 报摊；杂志摊
niche,"n. 壁龛；合适的职业；有利可图的市场(或形势等)
vt. 放入壁龛"
non-fiction,n. 非小说；非小说类文学作品；纪实小说
non-verbal,adj. 非语言的；非用言语的
normality,n. 常态； 当量浓度； 规定浓度
nudge,"n. 推动；用肘轻推；没完没了抱怨的人
vt. 推进；用肘轻推；向…不停地唠叨
vi. 轻推；推进；唠叨"
obscene,adj. 淫秽的；猥亵的；可憎的
observatory,n. 天文台；气象台；瞭望台
offload,"vt. 卸下；卸货
adj. 卸载的"
onwards,adv. 向前；在前面
orb,"n. 球；天体；圆形物
vt. 成球形；弄圆；围着
vi. 沿轨道运行"
ostrich,n. 鸵鸟；鸵鸟般的人
outlive,vt. 比…活得长；比…经久；经受住；渡过…而存在
outmode,vt. 使过时
outsider,n. 外人；无取胜希望者
overcrowded,"adj. 过度拥挤的
v. 拥挤（overcrowd的过去分词）"
overly,adv. 过度地；极度地
overpaid,adj. 多付款的，付得过多
overreact,vi. 反应过度；反作用过强
overrule,vt. 否决；统治；对…施加影响
oversee,vt. 监督；审查；俯瞰；偷看到，无意中看到
overstep,vt. 逾越；超出…的限度
overweight,"adj. 超重的；过重的
vt. 使负担过重
n. 超重"
pandemic,"adj. （疾病等）（全国、全球i）流行的；普遍的
n. 流行性疾病"
panicky,adj. 恐慌的；惊慌失措的
paperwork,n. 文书工作
paraphrase,"n. 释义；解释；意译
vt. 释义"
parenthood,n. 亲子关系；父母身份
parenting,"n. 父母对子女的养育
v. 教养（parent的ing形式）；做…的父亲或母亲"
patchwork,n. 拼缝物，拼缀物；混杂物
patentable,adj. 可取得专利权的，可给予专利权的
paternal,adj. 父亲的；得自父亲的；父亲般的
paycheck,n. 付薪水的支票，薪水
payout,n. 支出；花费
Persian,猫老大
pervasive,adj. 普遍的；到处渗透的；流行的
pharma,n. 制药公司
pharmaceutical,"n. 药物
adj. 制药（学）的"
photography,n. 摄影；摄影术
photographic,adj. 摄影的；逼真的；（尤指记忆）详细准确的
pleasurable,adj. 快乐的；心情舒畅的；令人愉快的
plummet,"n.  铅锤，坠子
vi. 垂直落下；（价格、水平等）骤然下跌"
plurality,n. 多数；复数；兼职；胜出票数
poach,"vt. 水煮；偷猎；窃取；把…踏成泥浆
vi. 偷猎；侵犯；剽窃"
pointless,adj. 无意义的；钝的；不尖的；不得要领的
pollutant,n. 污染物
popularize,"vt. 普及；使通俗化
vi. 通俗化"
populous,adj. 人口稠密的；人口多的
pop-up,"n. 弹出式；自动起跳式装置
adj. 弹起的；有自动起跳装置的"
postal,"n. 明信片
adj. 邮政的；邮局的"
postwar,"n. 战后时期
adj. 战后的
adv. 战后；在战后"
pottery,n. 陶器；陶器厂；陶器制造术
prairie,n. 大草原；牧场
precondition,"n. 前提；先决条件
vt. 预处理；事先准备"
prefrontal,"n.  额前骨
adj.  前额的；额叶前部的"
prerequisite,"n. 先决条件
adj. 首要必备的"
presuppose,vt. 假定；预料；以…为先决条件
pre-teen,"n. 青春期前的孩子；不满13岁的儿童
adj. 13岁以下的；青春期前的；接近青春期的"
processor,n.  处理器；处理程序；加工者
procreation,n. 生殖；生产
projection,n. 投射；规划；突出；发射；推测
prosocial,adj. 亲社会的；忠实于既定社会道德准则的
provisional,"adj. 临时的，暂时的；暂定的
n. 临时邮票"
provocative,"n. 刺激物，挑拨物；兴奋剂
adj. 刺激的，挑拨的；气人的"
psychiatrist,n. 精神病学家，精神病医生
pudding,n. 布丁
purport,"n. 意义，主旨；意图
vt. 声称；意图；意指；打算"
pushy,adj. 有进取心的；爱出风头的；有冲劲的；固执己见的
quirk,n. 怪癖；急转；借口
rampant,adj. 猖獗的；蔓延的；狂暴的；奔放的
ration,"n. 定量；口粮；配给量
vt. 配给；定量供应"
rationalist,n. 理性主义者，唯理主义者
reactor,n.  反应器； 反应堆；起反应的人
readership,n. 读者人数；读者们；读者的身分
realtor,n. （美）房地产经纪人
realty,n. 房地产；不动产
receptor,n.  受体；接受器；感觉器官
recount,"n. 重算
vt. 叙述；重新计算"
recoup,"vt. 收回；恢复；偿还；扣除
vi. 获得补偿；请求扣除"
redefine,vt. 重新定义
red flag,"n. 示警红旗；（象征革命或共产主义的）红旗
 危险信号；红旗军演；红旗演习"
redistribution,n.  重新分配
regain,"n. 收复；取回
vt. 恢复；重新获得；收回
vi. 上涨"
reliability,n. 可靠性
relocate,"n. 浮动
vt. 重新安置；迁移
vi. 重新安置；迁移新址"
renege,"n. 出牌违例
vi. 食言；违例出牌
vt. 否认"
renowned,"v. 使有声誉（renown的过去分词）
adj. 著名的；有声望的"
repercussion,n. 反响；弹回；反射；浮动诊胎法；令人不满意的后果
reshape,vt. 改造；再成形
responsive,adj. 响应的；应答的；回答的
retrieval,n. 检索；恢复；取回；拯救
reuse,"n. 重新使用，再用
vt. 再使用"
revitalize,vt. 使…复活；使…复兴；使…恢复生气
rewilding, 环保骏驹
roadblock,"n. 路障；障碍物
vi. 设置路障"
roadside,"n. 路边；路旁
adj. 路边的；路旁的"
Romanticism,
roof light, 采光天窗
runoff,"n.  径流；决赛；流走的东西
adj. 决胜的"
rustle,"n. 沙沙声；急忙；飒飒声
vt. 使…沙沙作响
vi. 发出沙沙声"
saline,"n. 盐湖；碱盐泻药
adj. 盐的；含盐分的"
sandal,n. 凉鞋；檀香；檀香木；便鞋
savvy,"n. 悟性；理解能力；懂行（的人）
vt. 理解；懂
vi. 理解；知道"
scrub,"n. 矮树；洗擦；擦洗者；矮小的人（或物）
vt. 用力擦洗；使净化
vi. 擦洗；进行手臂消毒
adj. 矮小的；临时凑合的；次等的"
seasonal,adj. 季节的；周期性的；依照季节的
sensual,adj. 感觉的；肉欲的；世俗的；感觉论的
sequestration,n. 隔离；扣押；退隐
sermon,"n. 布道；训诫；启示；冗长的讲话
vt. 对…布道；对…说教
vi. 布道"
shallows," 浅滩
滩涂"
shortcut,n. 捷径；被切短的东西
shortsighted,adj. 目光短浅的；近视的
shrub,n. 灌木；灌木丛
sift,"vt. 筛选；撒；过滤；详查
vi. 筛；详查；撒下；细究"
skepticism,n. 怀疑论；怀疑的态度
scepticism,n. 怀疑；怀疑论；怀疑主义
slanted,"adj. 斜的；有倾向的
v. 使倾斜（slant的过去式和过去分词）"
sling,"n.  吊索；投石器；抛掷
vt. 用投石器投掷；吊起"
sluggish,"n. 市况呆滞；市势疲弱
adj. 萧条的；迟钝的；行动迟缓的；懒惰的"
snapshot,"n. 快照，快相；急射，速射；简单印象
vt. 给…拍快照
vi. 拍快照"
socialize,"vt. 使社会化；使社会主义化；使适应社会生活
vi. 交际；参与社交"
solitude,n. 孤独；隐居；荒僻的地方
solvable,adj. 可以解决的；可以解的；可溶的
spike,"n. 长钉，道钉；钉鞋；细高跟
vt. 阻止；以大钉钉牢；用尖物刺穿"
standardize,vt. 使标准化；用标准检验
stand-off,n. 平衡；冷淡；支座绝缘子
starkly,adv. 严酷地；明显地；毫无掩饰地
statistician,n. 统计学家，统计员
stew,"n. 炖，炖汤；烦恼；闷热；鱼塘
vt. 炖，炖汤；焖；忧虑；受闷热
vi. 炖，炖汤；焖；受闷热；忧虑"
stickiness,n. 粘性；胶粘
stockbroker,n.  股票经纪人
stockpile,"n. 库存；积蓄
vt. 贮存；储蓄
vi. 积累；储备物资"
stranglehold,n. 束缚；勒颈
strategist,n. 战略家；军事家
strikingly,adv. 显著地；突出地，引人注目地
stylist,n. 设计师；文体学家
subheading,n. 副标题
surveyor,n. 测量员；检验员
swath,n. 细长的列；收割的刈痕；收割的宽度
takeaway,"n. 外卖食品；外卖餐馆
adj. 外卖的；外吃的"
talkative,adj. 饶舌的；多话的；多嘴的；爱说话的
telling,"n. 命令；叙述；吐露真情
v. 告诉；讲述（tell的ing形式）；命令
adj. 有效的；生动的；显著的"
template,n. 模板，样板
terrain,n.  地形，地势；领域；地带
terrorism,n. 恐怖主义；恐怖行动；恐怖统治
terrorist,n. 恐怖主义者，恐怖分子
therapist,n. 临床医学家；治疗学家
thorny,adj. 多刺的；痛苦的；令人苦恼的
timing,"n. 定时；调速；时间选择
v. 为…安排时间；测定…的时间（time的ing形式）"
toddler,n. 学步的小孩；幼童装
top-tier,顶层；高层
tort,n. 侵权行为
townsfolk,n. 市民；镇民
tracker,n. 拉纤者，纤夫；追踪系统， 跟踪装置；追踪者
trainee,n. 练习生，实习生；受训者；新兵；训练中的动物
tramp,"n. 流浪者；沉重的脚步声；徒步旅行
vi. 流浪；践踏，踩；脚步沉重地行走
vt. 践踏，踩；走过"
transcendence,n. 超越；卓越；超然存在
transformative,adj. 变化的，变形的；有改革能力的
transmissible,adj. 能传送的；能透射的；可传达的
trapper,n. 设陷阱捕兽者；捕捉器； 矿井风门开关管理员
traverse,"n. 穿过；横贯；横木
vt. 穿过；反对；详细研究；在…来回移动
vi. 横越；旋转；来回移动
adj. 横贯的"
treasury,n. 国库，金库；财政部；宝库
troupe,"n. 剧团；一班；一团
vi. 巡回演出"
trustworthiness,n. 可信赖；确实性
unaligned,adj. 不结盟的
unauthorized,adj. 非法的；未被授权的；独断的
unchecked,adj. 未经核对的；未加抑制的
uncommon,"adj. 不寻常的；罕有的
adv. 非常地"
unconditional,adj. 无条件的；绝对的；无限制的
undercut,"n. 底切；牛腰部下侧嫩肉；砍口；切球
vt. 廉价出售；较便宜的工资工作；从下边削球
vi. 底切"
undesirable,"n. 不良分子；不受欢迎的人
adj. 不良的；不受欢迎的；不合需要的"
uneven,adj. 不均匀的；不平坦的； 奇数的
unfamiliar,adj. 不熟悉的；不常见的；没有经验的
unfashionable,adj. 过时的；不时髦的
unfocused,adj. 不聚成焦点的
unleash,"vt. 发动；解开…的皮带；解除…的束缚
vi. 不受约束；自由自在；放荡不羁"
unprecedented,adj. 空前的；无前例的
unpredictable,"n. 不可预言的事
adj. 不可预知的；不定的；出乎意料的"
unrealistic,adj. 不切实际的；不实在的
unrest,n. 不安；动荡的局面；不安的状态
unsupervised,adj. 无人监督的；无人管理的
unwelcome,"n. 冷淡
adj. 不受欢迎的；讨厌的；不被接受的
vt. 冷淡地对待"
unwillingness,n. 不愿意；不情愿
upend,vt. 倒放，颠倒；竖立
upheaval,n. 剧变；隆起；举起
upload,vt. 上传
upside,n. 优势，上面
upwash,"上洗(流), 上倾流, 升流, 上坡风, 上升风"
usable,adj. 可用的；合用的（等于useable）
usher,"n. 引座员，带位员；接待员；门房
vi. 作招待员；当引座员
vt. 引导，招待；迎接；开辟"
ventilation,n. 通风设备；空气流通
ware,"n. 陶器，器皿；制品；器具；货物
vt. 留心；小心"
wasteland,n. 荒地，不毛之地；未开垦地，荒漠；（精神或文化上的）贫乏
watershed,"n. （美）流域；分水岭；集水区；转折点
adj. 标志转折点的"
weakened,变弱
wearable,"n. 衣服
adj. 可穿用的，可佩带的；耐用的"
website,n. 网站（全球资讯网的主机站）
weed killer,"na. 除莠剂
 除草剂；除草者；除草剤"
wizard,"n. 男巫；术士；奇才；向导程序
adj. 男巫的；巫术的"
workaholic,"n. 专心工作的人；醉心于工作的人；为免遭辞退而工作过份卖力的人
adj. 醉心于工作的"
workload,n. 工作量
workplace,n. 工作场所；车间
wreak,vt. 发泄；报仇；造成（巨大的破坏或伤害）
