establish,"vi. 植物定植
vt. 建立；创办；安置"
established,adj. 确定的；已制定的，已建立的
humanity,n. 人类；人道；仁慈；人文学科
shift,"n. 移动；变化；手段；轮班
vt. 转移；改变；替换
vi. 移动；转变；转换"
downshifting,v. （汽车等）调低速挡( downshift的现在分词 )
potential,"n. 潜能；可能性； 电势
adj. 潜在的；可能的；势的"
alter,"vt. 改变，更改
vi. 改变；修改"
alteration,n. 修改，改变；变更
expect,"vi. 期待；预期
vt. 期望；指望；认为；预料"
expectation,n. 期待；预期；指望
unexpected,adj. 意外的，想不到的
expectancy,n. 期望，期待
eliminate,vt. 消除；排除
elimination,n. 消除；淘汰；除去
spread,"n. 传播；伸展
adj. 伸展的
vt. 传播，散布；展开；伸展；铺开
vi. 传播；伸展"
widespread,adj. 普遍的，广泛的；分布广的
expense,"n. 损失，代价；消费；开支
vt. 向…收取费用
vi. 被花掉"
expensive,adj. 昂贵的；花钱的
strict,adj. 严格的；绝对的；精确的；详细的
strictly,adv. 严格地；完全地；确实地
present,"n. 现在；礼物；瞄准
adj. 现在的；出席的
vt. 提出；介绍；呈现；赠送
vi. 举枪瞄准"
detect,vt. 察觉；发现；探测
detector,n. 探测器；检测器；发现者；侦察器
endeavor,"n. 努力；尽力（等于endeavour）
vi. 努力；尽力（等于endeavour）
vt. 努力；尽力（等于endeavour）"
innovative,adj. 革新的，创新的；新颖的；有创新精神的
innovation,n. 创新，革新；新方法
innovativeness,n. 创新性，创新精神
vital,adj. 至关重要的；生死攸关的；有活力的
mark,"n. 标志；马克；符号；痕迹；分数
vi. 作记号
vt. .标志；做标记于；打分数
n. . 标志；做标记于；打分数"
remark,"n. 注意；言辞
vt. 评论；觉察
vi. 谈论"
marker,n. 记分员；书签；标识物；作记号的人
lower,"vt. 减弱，减少；放下，降下；贬低
vi. 降低；减弱；跌落
adj. 下游的；下级的；下等的"
specific,"n. 特性；细节；特效药
adj. 特殊的，特定的；明确的；详细的； 具有特效的"
specifically,adv. 特别地；明确地
rare,"adj. 稀有的；稀薄的；半熟的
adj. 杰出的；极度的；非常好的
adv. 非常；极其
vi. 用后腿站起；渴望"
rarely,adv. 很少地；难得；罕有地
urge,"n. 强烈的欲望，迫切要求；推动力
vi. 强烈要求
vt. 力劝，催促；驱策，推进"
urgency,n. 紧急；催促；紧急的事
affect,"n. 情感；引起感情的因素
vt. 影响；感染；感动；假装
vi. 倾向；喜欢"
reveal,"n. 揭露；暴露；门侧，窗侧
vt. 显示；透露；揭露；泄露"
delay,"n. 延期；耽搁；被耽搁或推迟的时间
vt. 延期；耽搁
vi. 延期；耽搁"
delayed,"v. 延迟（delay的过去式）
adj. 延时的；定时的"
contribute,"vt. 贡献，出力；投稿；捐献
vi. 贡献，出力；投稿；捐献
"
compensate,"vt. 补偿，赔偿；付报酬
vi. 补偿，赔偿；抵消"
compensation,n. 补偿；报酬；赔偿金
encourage,vt. 鼓励，怂恿；激励；支持
encouragement,n. 鼓励
attach,"vi. 附加；附属；伴随
vt. 使依附；贴上；系上；使依恋"
guarantee,"n. 保证；担保；保证人；保证书；抵押品
vt. 保证；担保"
guaranteed,"v. 担保（guarantee的过去式和过去分词）
adj. 有保证的，；有人担保的"
remain,"n. 遗迹；剩余物，残骸
vi. 保持；依然；留下；剩余；逗留；残存"
grant,"n. 拨款； 授予物
vt. 授予；允许；承认
vi. 同意"
complete,"adj. 完整的；完全的；彻底的
vt. 完成"
completely,adv. 完全地，彻底地；完整地
conversation,n. 交谈，会话；社交；交往，交际；会谈；（人与计算机的）人机对话
conversational,adj. 对话的；健谈的
prevent,"vt. 预防，防止；阻止
vi. 妨碍，阻止"
justify,"vi. 证明合法；整理版面
vt. 证明…是正当的；替…辩护"
justification,n. 理由；辩护；认为有理，认为正当；释罪
beyond,"prep. 超过；越过；那一边；在...较远的一边
n. 远处
adv. 在远处；在更远处"
judge,"vt. 判断；审判
n. 法官；裁判员
vi. 审判；判决"
judgment,n. 判断；裁判；判决书；辨别力
tax,"n. 税金；重负
vt. 向…课税；使负重担"
taxpayer,n. 纳税人；所收租金只够支付地产税的建筑物
matter,"n. 物质；事件
vi. 有关系；要紧"
involve,vt. 包含；牵涉；使陷于；潜心于
involvement,n. 牵连；包含；混乱；财政困难
rural,adj. 农村的，乡下的；田园的，有乡村风味的
offer,"vt. 提供；出价；试图
n. 提议；出价；意图；录取通知书
vi. 提议；出现；献祭；求婚"
remove,"n. 移动；距离；搬家
vt. 移动，迁移；开除；调动
vi. 移动，迁移；搬家"
removal,n. 免职；移动；排除；搬迁
approach,"n. 方法；途径；接近
vt. 接近；着手处理
vi. 靠近"
average,"n. 平均；平均数；海损
adj. 平均的；普通的；通常的
vt. 算出…的平均数；将…平均分配；使…平衡
vi. 平均为；呈中间色"
aim,"n. 目的；目标；对准
vt. 目的在于；引导；把…对准
vi. 打算；对准目标；瞄准"
advance,"n. 发展；前进；增长；预付款
adj. 预先的；先行的
vt. 提出；预付；使……前进；将……提前
vi. 前进；进展；上涨"
advanced,"adj. 先进的；高级的；晚期的；年老的
v. 前进；增加；上涨（advance的过去式和过去分词形式）"
purchase,"n. 购买；紧握；起重装置
vt. 购买；赢得
vi. 购买东西"
transform,"vt. 改变，使…变形；转换
vi. 变换，改变；转化"
represent,"vt. 代表；表现；描绘；回忆；再赠送
vi. 代表；提出异议"
representative,"n. 代表；典型；众议员
adj. 典型的，有代表性的；代议制的"
obtain,"vi. 获得；流行
vt. 获得"
link,"n.  链环，环节；联系，关系
vt. 连接，连结；联合，结合
vi. 连接起来；联系在一起；将人或物连接或联系起来"
recognize,"vt. 认出，识别；承认
vi. 确认，承认；具结"
recognition,n. 识别；承认，认出；重视；赞誉；公认
outline,"n. 轮廓；大纲；概要；略图
vt. 概述；略述；描画…轮廓"
method,"n. 方法；条理；类函数
adj. 使用体验派表演方法的"
household,"n. 全家人，一家人；(包括佣工在内的)家庭，户
adj. 家庭的；日常的；王室的"
sentiment,n. 感情，情绪；情操；观点；多愁善感
sense,"n. 感觉，功能；观念；道理；理智
vt. 感觉到；检测"
unknown,"n. 未知数；未知的事物，默默无闻的人
adj. 未知的；陌生的，默默无闻的"
known as, 被称为；被认为是；以…而闻名
deny,"vi. 否认；拒绝
vt. 否定，否认；拒绝给予；拒绝…的要求"
trial,"n. 试验；审讯；努力；磨炼
adj. 试验的；审讯的"
appeal,"n. 呼吁，请求；吸引力，感染力；上诉；诉诸裁判
vt. 将…上诉，对…上诉
vi. 呼吁，恳求；上诉；诉诸，求助；有吸引力，迎合爱好；（体育比赛中）诉诸裁判"
decline,"n. 下降；衰退；斜面
vt. 谢绝；婉拒
vi. 下降；衰落；谢绝"
concern,"n. 关系；关心；关心的事；忧虑
vt. 涉及，关系到；使担心"
concerned,"v. 关心（concern的过去时和过去分词）；与…有关
adj. 有关的；关心的"
concerning,"prep. 关于；就…而言
v. 涉及；使关心（concern的ing形式）；忧虑"
restrict,vt. 限制；约束；限定
restriction,n. 限制；约束；束缚
function,"n. 功能； 函数；职责；盛大的集会
vi. 运行；活动；行使职责"
emerge,vi. 浮现；摆脱；暴露
emergence,n. 出现，浮现；发生；露头
access,"n. 进入；使用权；通路
vt. 使用；存取；接近"
accessible,adj. 易接近的；可进入的；可理解的
extend,"vt. 延伸；扩大；推广；伸出；给予；使竭尽全力；对…估价
vi. 延伸；扩大；伸展；使疏开"
extensive,adj. 广泛的；大量的；广阔的
collapse,"n. 倒塌；失败；衰竭
vt. 使倒塌，使崩溃；使萎陷；折叠
vi. 倒塌；瓦解；暴跌"
hunt,"n. 狩猎；搜寻
vt. 打猎；搜索
vi. 打猎；搜寻"
headhunter,n. 猎头者；物色人才的人；猎取人头的蛮人
opposition,n. 反对；反对派；在野党；敌对
motivate,vt. 刺激；使有动机；激发…的积极性
motivation,n. 动机；积极性；推动
relieve,vt. 解除，减轻；使不单调乏味；换…的班；解围；使放心
accomplish,vt. 完成；实现；达到
accomplishment,n. 成就；完成；技艺，技能
differ,"vi. 相异；意见分歧
vt. 使…相异；使…不同"
primary,"n. 原色；最主要者
adj. 主要的；初级的；基本的"
primarily,adv. 首先；主要地，根本上
practical,adj. 实际的；实用性的
impractical,adj. 不切实际的，不现实的；不能实行的
regulation,"n. 管理；规则；校准
adj. 规定的；平常的"
asset,n. 资产；优点；有用的东西；有利条件；财产；有价值的人或物
passion,n. 激情；热情；酷爱；盛怒
passionate,adj. 热情的；热烈的，激昂的；易怒的
pursue,"vi. 追赶；继续进行
vt. 继续；从事；追赶；纠缠"
pursuit,n. 追赶，追求；职业，工作
excellent,adj. 卓越的；极好的；杰出的
benefit,"n. 利益，好处；救济金
vt. 有益于，对…有益
vi. 受益，得益"
beneficial,adj. 有益的，有利的；可享利益的
impact,"vi. 影响；撞击；冲突；压紧（on，upon，with）
n. 影响；效果；碰撞；冲击力
vt. 挤入，压紧；撞击；对…产生影响"
criticize,"vi. 批评；评论；苛求
vt. 批评；评论；非难"
procedure,n. 程序，手续；步骤
result in,"na. 终于(失败)
 导致；结果是；造成"
flexible,adj. 灵活的；柔韧的；易弯曲的
flexibility,n. 灵活性；弹性；适应性
due,"n. 应付款；应得之物
adj. 到期的；预期的；应付的；应得的
adv. 正（置于方位词前）"
invest,"vi. 投资，入股；花钱买
vt. 投资；覆盖；耗费；授予；包围"
investment,n. 投资；投入；封锁
address,"n. 地址；演讲；致辞；说话的技巧；称呼
vt. 演说；从事；忙于；写姓名地址；向…致辞；与…说话；提出；处理"
regard,"n. 注意；尊重；问候；凝视
vi. 注意，注重；注视
vt. 注重，考虑；看待；尊敬；把…看作；与…有关"
disregard,"n. 忽视；不尊重
vt. 忽视；不理；漠视；不顾"
regardless,"adj. 不管的；不顾的；不注意的
adv. 不顾后果地；不管怎样，无论如何；不惜费用地"
reliable,"n. 可靠的人
adj. 可靠的；可信赖的"
reliability,n. 可靠性
shrink,"vi. 收缩；畏缩
n. 收缩；畏缩；<俚>精神病学家
vt. 使缩小，使收缩"
shrinking,"v. 萎缩（shrink的ing形式）；收缩；退缩
adj. 畏缩的；犹豫不决的"
shrinkage,n. 收缩；减低
excessive,adj. 过多的，极度的；过分的
consequence,n. 结果；重要性；推论
consequently,adv. 因此；结果；所以
complex,"n. 复合体；综合设施
adj. 复杂的；合成的"
complexity,n. 复杂，复杂性；复杂错综的事物
tempt,vt. 诱惑；引起；冒…的风险；使感兴趣
temptation,n. 引诱；诱惑物
upset,"n. 混乱；翻倒；颠覆
adj. 心烦的；混乱的；弄翻的
vt. 使心烦；颠覆；扰乱
vi. 翻倒"
upsetting,"n. 缩锻，镦锻；倾复，倒转
adj. 令人心烦意乱的，令人苦恼的"
authority,n. 权威；权力；当局
conflict,"n. 冲突，矛盾；斗争；争执
vi. 冲突，抵触；争执；战斗"
ignore,vt. 驳回诉讼；忽视；不理睬
ignorant,adj. 无知的；愚昧的
ignorance,n. 无知，愚昧；不知，不懂
sustainable,adj. 可以忍受的；足可支撑的；养得起的；可持续的
sustainability,n. 持续性；永续性；能维持性
undoubted,adj. 无疑的；确实的
undoubtedly,adv. 确实地，毋庸置疑的
sensitive,"adj. 敏感的；感觉的； 灵敏的；感光的；易受伤害的；易受影响的
n. 敏感的人；有灵异能力的人"
insensitive,adj. 感觉迟钝的，对…没有感觉的
sensible,"n. 可感觉到的东西; 敏感的人;
adj. 明智的; 通情达理的; 合乎情理的; 意识到的，能感觉到的;"
explore,"vi. 探索；探测；探险
vt. 探索；探测；探险"
exploration,n. 探测；探究；踏勘
priority,n. 优先；优先权； 优先次序；优先考虑的事
prior,"adj. 优先的；在先的，在前的
adv. 在前，居先"
prioritize,"vt. 把…区分优先次序
vi. 把事情按优先顺序排好"
priority,n. 优先；优先权； 优先次序；优先考虑的事
reconstruct,vt. 重建；改造；修复；重现
reconstruction,n. 再建，重建；改造；复兴
engage,"vi. 从事；答应，保证；交战；啮合
vt. 吸引，占用；使参加；雇佣；使订婚；预定"
engagement,"n. 婚约；约会；交战；诺言
n. 参与度（指用户点赞、转发、评论、下载文档、观看视频、咨询等交互行为）"
comparable,adj. 可比较的；比得上的
compare,"vi. 相比，匹敌；比较，区别；比拟（常与to连用）
vt. 比拟，喻为；构成
n. 比较"
renew,"vt. 使更新；续借；续费；复兴；重申
vi. 更新；重新开始"
renewable,"n. 再生性能源
adj. 可再生的；可更新的；可继续的"
violate,vt. 违反；侵犯，妨碍；亵渎
cling,vi. 坚持，墨守；紧贴；附着
incline,"n. 倾斜；斜面；斜坡
vt. 使倾斜；使倾向于
vi. 倾斜；倾向；易于"
residence,n. 住宅，住处；居住
resident,"n. 居民；住院医生
adj. 居住的；定居的"
prompt,"n. 提示；付款期限；DOS命令：改变DOS系统提示符的风格
adj. 敏捷的，迅速的；立刻的
vt. 提示；促进；激起；（给演员）提白
adv. 准时地"
compromise,"n. 妥协，和解；折衷
vt. 妥协；危害
vi. 妥协；让步"
application,n. 应用；申请；应用程序；敷用
applicable,adj. 可适用的；可应用的；合适的
collective,"n. 集团；集合体；集合名词
adj. 集体的；共同的；集合的；集体主义的"
conservative,
conservation,n. 保存，保持；保护
collaborative,adj. 合作的，协作的
collaboration,n. 合作；勾结；通敌
prevalent,adj. 流行的；普遍的，广传的
prevalence,n. 流行；普遍；广泛
esteem,"n. 尊重；尊敬
vt. 尊敬；认为；考虑；估价"
self-esteem,n. 自尊；自负；自大
qualified,"v. 限制（qualify的过去分词）；描述；授权予
adj. 合格的；有资格的"
unqualified,adj. 不合格的；无资格的；不胜任的；不受限制的；无条件的；绝对的
qualification,n. 资格；条件；限制；赋予资格
associate,"n. 同事，伙伴；关联的事物
adj. 副的；联合的
vt. 联想；使联合；使发生联系
vi. 交往；结交"
association,n. 协会，联盟，社团；联合；联想
account,"n. 账户；解释；账目，账单；理由；描述
vt. 认为；把…视为
vi. 解释；导致；报账"
accountable,adj. 有责任的；有解释义务的；可解释的
significant,"n. 象征；有意义的事物
adj. 重大的；有效的；有意义的；值得注意的；意味深长的"
significance,n. 意义；重要性；意思
circulation,n. 流通，传播；循环；发行量
tackle,"n. 滑车；装备；用具；扭倒
vi. 扭倒；拦截抢球
vt. 处理；抓住；固定；与…交涉"
domestic,"n. 国货；佣人
adj. 国内的；家庭的；驯养的；一心只管家务的"
equivalent,"n. 等价物，相等物
adj. 等价的，相等的；同意义的"
monetary,adj. 货币的；财政的
patent,"n. 专利权；执照；专利品
adj. 专利的；新奇的；显然的
vt. 授予专利；取得…的专利权"
overwhelming,"adj. 压倒性的；势不可挡的
v. 压倒；淹没（overwhelm的ing形式）；制服"
overwhelmingly,adv. 压倒性地；不可抵抗地
occupation,n. 职业；占有；消遣；占有期
occupy,vt. 占据，占领；居住；使忙碌
evade,"vt. 逃避；规避；逃脱
vi. 逃避；规避；逃脱"
valid,adj. 有效的；有根据的；合法的；正当的
invalidate,vt. 使无效；使无价值
validity,n.  有效性；正确；正确性
odd,"adj. 奇数的；古怪的；剩余的；临时的；零散的
n. 奇数；怪人；奇特的事物"
odds,n. 几率；胜算；不平等；差别
immigrant,"n. 移民，侨民
adj. 移民的；迁入的"
immigration,n. 外来移民；移居
permission,n. 允许，许可
permit,"n. 许可证，执照
vt. 许可；允许
vi. 许可；允许"
distribute,vt. 分配；散布；分开；把…分类
distribution,n. 分布；分配
redistribution,n.  重新分配
accelerate,"vt. 使……加快；使……增速
vi. 加速；促进；增加"
acceleration,n. 加速，促进； 加速度
conceive,"vi. 怀孕；设想；考虑
vt. 怀孕；构思；以为；持有"
conceive,"vi. 怀孕；设想；考虑
vt. 怀孕；构思；以为；持有"
inconceivable,adj. 不可思议的；难以置信的；不能想象的；非凡的
classify,vt. 分类；分等
classification,n. 分类；类别，等级
suitable,adj. 适当的；相配的
suit,"n. 诉讼；恳求；套装，西装；一套外衣
vt. 适合；使适应
vi. 合适；相称"
authorize,vt. 批准，认可；授权给；委托代替
highlight,"n. 最精彩的部分；最重要的事情；加亮区
vt. 突出；强调；使显著；加亮"
manufacture,"n. 制造；产品；制造业
vt. 制造；加工；捏造
vi. 制造"
manufacturer,n. 制造商； 厂商
correlate,"n. 相关物；相关联的人
vt. 使有相互关系；互相有关系
adj. 关联的
vi. 关联"
prejudice,"n. 偏见；侵害
vt. 损害；使有偏见"
correspond,vi. 符合，一致；相应；通信
corresponding,"adj. 相当的，相应的；一致的；通信的
v. 类似（correspond的ing形式）；相配"
principal,"adj. 主要的；资本的
n. 首长；校长；资本；当事人"
principally,adv. 主要地；大部分
overlook,"vt. 忽略；俯瞰；远眺；检查；高耸于…之上
n. 忽视；眺望"
tendency,n. 倾向，趋势；癖好
tend,"vt. 照料，照管
vi. 趋向，倾向；照料，照顾"
preserve,"n. 保护区；禁猎地；加工成的食品
vt. 保存；保护；维持；腌；禁猎"
absorb,vt. 吸收；吸引；承受；理解；使…全神贯注
partial,adj. 局部的；偏爱的；不公平的
impartial,adj. 公平的，公正的；不偏不倚的
constant,"n.  常数；恒量
adj. 不变的；恒定的；经常的"
constantly,adv. 不断地；时常地
adjust,"vt. 调整，使…适合；校准
vi. 调整，校准；适应"
adjustment,n. 调整，调节；调节器
consume,"vt. 消耗，消费；使…着迷；挥霍
vi. 耗尽，毁灭；耗尽生命"
consumer,n. 消费者；用户，顾客
consumption,n. 消费；消耗；肺痨
ambiguous,adj. 模糊不清的；引起歧义的
progress,"n. 进步，发展；前进
vi. 前进，进步；进行"
progressive,"n. 改革论者；进步分子
adj. 进步的；先进的"
reverse,"n. 背面；相反；倒退；失败
adj. 反面的；颠倒的；反身的
vt. 颠倒；倒转
vi. 倒退；逆叫"
cultivate,vt. 培养；陶冶；耕作
schedule,"n. 时间表；计划表；一览表
vt. 安排，计划；编制目录；将……列入计划表"
reschedule,vt. 重新排定日程；重订时间表；重新计划
foster,"vt. 培养；养育，抚育；抱（希望等）
adj. 收养的，养育的"
spouse,"n. 配偶
vt. 和…结婚"
scrutiny,n. 详细审查；监视；细看；选票复查
scrutinize,"n. 仔细或彻底检查
vt. 详细检查；细看
vi. 细阅；作详细检查"
presence,n. 存在；出席；参加；风度；仪态
present,"n. 现在；礼物；瞄准
adj. 现在的；出席的
vt. 提出；介绍；呈现；赠送
vi. 举枪瞄准"
exaggerate,"vt. 使扩大；使增大
vi. 夸大；夸张"
exaggeration,n. 夸张；夸大之词；夸张的手法
reliant,adj. 依赖的；可靠的；信赖的
reliance,n. 信赖；信心；受信赖的人或物
exert,vt. 运用，发挥；施以影响
abolish,vt. 废除，废止；取消，革除
retain,vt. 保持；雇；记住
incentive,"n. 动机；刺激
adj. 激励的；刺激的"
notably,adv. 显著地；尤其
sb. note that,
regulatory,adj. 管理的；控制的；调整的
regulation,"n. 管理；规则；校准
adj. 规定的；平常的"
landscape,"n. 风景；风景画；景色；山水画；乡村风景画；地形；（文件的）横向打印格式
vt. 对…做景观美化，给…做园林美化；从事庭园设计
vi. 美化（环境等），使景色宜人；从事景观美化工作，做庭园设计师"
amount,"n. 数量；总额，总数
vi. 总计，合计；相当于；共计；产生…结果"
pace,"n. 一步；步速；步伐；速度
vi. 踱步；缓慢而行
vt. 踱步于；用步测"
force,"n. 力量；武力；军队；魄力
vt. 促使，推动；强迫；强加"
workforce,n. 劳动力；工人总数，职工总数
simplify,vt. 简化；使单纯；使简易
simple,"n. 笨蛋；愚蠢的行为；出身低微者
adj. 简单的；单纯的；天真的"
ban,"n. 禁令，禁忌
vt. 禁止，取缔"
ancient,"n. 古代人；老人
adj. 古代的；古老的，过时的；年老的"
voluntary,"n. 志愿者；自愿行动
adj. 自愿的；志愿的；自发的；故意的"
volunteer,"n. 志愿者；志愿兵
adj. 志愿的
vt. 自愿
vi. 自愿"
dedicate,vt. 致力；献身；题献
intense,adj. 强烈的；紧张的；非常的；热情的
intensify,"vt. 使加强，使强化；使变激烈
vi. 增强，强化；变激烈"
existence,n. 存在，实在；生存，生活；存在物，实在物
existential,adj. 存在主义的；有关存在的；存在判断的
implement,"n. 工具，器具；手段
vt. 实施，执行；实现，使生效"
implementation,n.  实现；履行；安装启用
independent,"n. 独立自主者；无党派者
adj. 独立的；单独的；无党派的；不受约束的"
independently,adv. 独立地；自立地
independence,n. 独立性，自立性；自主
condition,"n. 条件；情况；环境；身份
vt. 决定；使适应；使健康；以…为条件"
conditional,"n. 条件句；条件语
adj. 有条件的；假定的"
issue,"n. 问题；流出；期号；发行物
vt. 发行，发布；发给；放出，排出
vi. 发行；流出；造成…结果；传下"
narrow,"adj. 狭窄的，有限的；勉强的；精密的；度量小的
n. 海峡；狭窄部分，隘路
vt. 使变狭窄
vi. 变窄"
narrowly,adv. 仔细地；勉强地；狭窄地；严密地
ally,"n. 同盟国；伙伴；同盟者；助手
vt. 使联盟；使联合
vi. 联合；结盟"
alliance,n. 联盟，联合；联姻
content,"n. 内容，目录；满足；容量
adj. 满意的
vt. 使满足"
curb,"n. 抑制；路边；勒马绳
vt. 控制；勒住"
obsess,vt. 迷住，缠住；使…着迷；使…困扰
obsession,n. 痴迷；困扰； 强迫观念
survive,"vi. 幸存；活下来
vt. 幸存；生还；幸免于；比...活得长"
survival,n. 幸存，残存；幸存者，残存物
inferior,"n. 下级；次品
adj. 差的；自卑的；下级的，下等的"
inferiority,n. 自卑；下属；次等；下部
disappear,"vi. 消失；失踪；不复存在
vt. 使…不存在；使…消失"
transaction,n. 交易；事务；办理；会报，学报
prospect,"n. 前途；预期；景色
vt. 勘探，勘察
vi. 勘探，找矿"
express,"n. 快车，快递，专使；捷运公司
vt. 表达；快递
adj. 明确的；迅速的；专门的"
expression,n. 表现，表示，表达；表情，脸色，态度，腔调，声调；式，符号；词句，语句，措辞，说法
expressive,adj. 表现的；有表现力的；表达…的
innocent,"n. 天真的人；笨蛋
adj. 无辜的；无罪的；无知的"
focus,"n. 焦点；中心；清晰；焦距
vt. 使集中；使聚焦
vi. 集中；聚焦；调节焦距"
acknowledge,vt. 承认；答谢；报偿；告知已收到
consideration,n. 考虑；原因；关心；报酬
volunteer,"n. 志愿者；志愿兵
adj. 志愿的
vt. 自愿
vi. 自愿"
obstacle,n. 障碍，干扰；妨害物
exception,n. 例外；异议
exceptional,"n. 超常的学生
adj. 异常的，例外的"
withdraw,"vt. 撤退；收回；撤消；拉开
vi. 撤退；离开"
withdrawal,n. 撤退，收回；提款；取消；退股
reduce,"vi. 减少；缩小；归纳为
vt. 减少；降低；使处于；把…分解"
reduction,n. 减少；下降；缩小；还原反应
maintain,vt. 维持；继续；维修；主张；供养
generous,adj. 慷慨的，大方的；宽宏大量的；有雅量的
unique,"n. 独一无二的人或物
adj. 独特的，稀罕的； 唯一的，独一无二的"
seldom,adv. 很少，不常
neglect,"vt. 疏忽，忽视；忽略
n. 疏忽，忽视；怠慢"
common,"n. 普通；平民；公有地
adj. 共同的；普通的；一般的；通常的"
commonly,adv. 一般地；通常地；普通地
physical,"n. 体格检查
adj.  物理的；身体的；物质的；根据自然规律的，符合自然法则的"
employ,"n. 使用；雇用
vt. 使用，采用；雇用；使忙于，使从事于"
employer,n. 雇主，老板
employee,n. 雇员；从业员工
employment,n. 使用；职业；雇用
unemployment,n. 失业；失业率；失业人数
ease,"n. 轻松，舒适；安逸，悠闲
vt. 减轻，缓和；使安心
vi. 减轻，缓和；放松；灵活地移动"
ritual,"n. 仪式；惯例；礼制
adj. 仪式的；例行的；礼节性的"
supplement,"vt. 增补，补充
n. 增补，补充；补充物；增刊，副刊"
fail,"n. 不及格
vi. 失败，不及格；破产；缺乏；衰退
vt. 不及格；使失望；忘记；舍弃"
failure,n. 失败；故障；失败者；破产
stick,"n. 棍；手杖；呆头呆脑的人
vi. 坚持；伸出；粘住
vt. 刺，戳；伸出；粘贴"
value,"n. 值；价值；价格；重要性；确切涵义
vt. 评价；重视；估价"
devalue,"vt. 使贬值；降低…的价值
vi. 贬值"
similar,"n. 类似物
adj. 相似的"
similarly,adv. 同样地；类似于
secure,"vt. 保护；弄到；招致；缚住
adj. 安全的；无虑的；有把握的；稳当的
vi. 获得安全；船抛锚；停止工作"
security,"n. 安全；保证；证券；抵押品
adj. 安全的；保安的；保密的"
stem,"n. 干；茎；船首；血统
vt. 阻止；除去…的茎；给…装柄
vi. 阻止；起源于某事物；逆行"
blame,"n. 责备；责任；过失
vt. 责备；归咎于"
literate,"adj. 受过教育的；精通文学的
n. 学者"
literary,adj. 文学的；书面的；精通文学的
literally,adv. 照字面地；逐字地；不夸张地；正确地；简直
immune,"n. 免疫者；免除者
adj. 免疫的；免于……的，免除的"
adequate,adj. 充足的；适当的；胜任的
inadequate,adj. 不充分的，不适当的
crucial,adj. 重要的；决定性的；定局的；决断的
suspend,"vt. 延缓，推迟；使暂停；使悬浮
vi. 悬浮；禁赛"
suspension,n. 悬浮；暂停；停职
neutral,"adj. 中立的，中性的；中立国的；非彩色的
n. 中立国；中立者；非彩色；齿轮的空档"
neutrality,n. 中立；中性；中立立场
lag,"n. 落后；迟延；防护套；囚犯；桶板
vt. 落后于；押往监狱；加上外套
vi. 滞后；缓缓而行；蹒跚
adj. 最后的"
commit,vt. 犯罪，做错事；把...交托给；指派…作战；使…承担义务
commitment,n. 承诺，保证；委托；承担义务；献身
masterpiece,n. 杰作；绝无仅有的人
preference,n. 偏爱，倾向；优先权
prefer,"vt. 更喜欢；宁愿；提出；提升
vi. 喜欢；愿意"
magnify,"vt. 放大；赞美；夸大
vi. 放大；有放大能力"
magnificent,adj. 高尚的；壮丽的；华丽的；宏伟的
turnover,"n. 翻覆； 营业额；流通量；半圆卷饼；失误
adj. 翻过来的；可翻转的"
mass,"n. 块，团；群众，民众；大量，众多；质量
adj. 群众的，民众的；大规模的，集中的
vi. 聚集起来，聚集
vt. 使集合"
massive,adj. 大量的；巨大的，厚重的；魁伟的
comply,vi. 遵守；顺从，遵从；答应
compliance,n. 顺从，服从；承诺
reform,"n. 改革，改良；改正
adj. 改革的；改革教会的
vt. 改革，革新；重新组成
vi. 重组；改过"
debate,"n. 辩论；辩论会
vt. 辩论，争论，讨论
vi. 辩论，争论，讨论"
dispute,"n. 辩论；争吵
vt. 辩论；怀疑；阻止；抗拒
vi. 争论"
acquire,vt. 获得；取得；学到；捕获
acquisition,n. 获得物，获得；收购
entitle,vt. 称做…；定名为…；给…称号；使…有权利
entitlement,n. 权利；津贴
withhold,"vt. 保留，不给；隐瞒；抑制
vi. 忍住；克制"
require,vt. 需要；要求；命令
requirement,n. 要求；必要条件；必需品
boost,"n. 推动；帮助；宣扬
vi. 宣扬；偷窃
vt. 促进；增加；支援"
augment,"n. 增加；增大
vt. 增加；增大
vi. 增加；增大"
impose,"vt. 强加；征税；以…欺骗
vi. 利用；欺骗；施加影响"
alarm,"n. 闹钟；警报，警告器；惊慌
vt. 警告；使惊恐"
alarming,"adj. 令人担忧的；使人惊恐的
v. 使惊恐（alarm的ing形式）"
alarmist,"n. 杞人忧天者；大惊小怪者
adj. 危言耸听的；忧虑的"
dominant,"n. 显性
adj. 显性的；占优势的；支配的，统治的"
dominate,"vt. 控制；支配；占优势；在…中占主要地位
vi. 占优势；处于支配地位"
identify,vt. 确定；鉴定；识别，辨认出；使参与；把…看成一样 vi. 确定；认同；一致
identity,n. 身份；同一性，一致；特性；恒等式
subject,"n. 主题；科目； 主语；国民
adj. 服从的；易患…的；受制于…的
vt. 使…隶属；使屈从于…"
distract,vt. 转移；分心
distraction,n. 注意力分散；消遣；心烦意乱
thrive,vi. 繁荣，兴旺；茁壮成长
fund,"n. 基金；资金；存款
vt. 投资；资助"
funding,"n. 提供资金；用发行长期债券的方法来收回短期债券
v. 提供资金；积存（fund的ing形式）"
rigid,adj. 严格的；僵硬的，死板的；坚硬的；精确的
fulfill,vt. 履行；实现；满足；使结束（等于fulfil）
fulfillment,n. 履行；实行
fulfilling,adj. 令人满意的；能实现个人抱负的；令人高兴的
vary,"vi. 变化；变异；违反
vt. 改变；使多样化；变奏"
various,adj. 各种各样的；多方面的
variety,n. 多样；种类；杂耍；变化，多样化
variation,n. 变化； 变异，变种
historical,adj. 历史的；史学的；基于史实的
historic,adj. 有历史意义的；历史上著名的
historian,n. 历史学家
supply,"n. 供给，补给；供应品
vt. 供给，提供；补充
vi. 供给；替代"
lack,"vt. 缺乏；不足；没有；需要
vi. 缺乏；不足；没有
n. 缺乏；不足"
long-term,"adj. 长期的
从长远来看"
modest,adj. 谦虚的，谦逊的；适度的；端庄的；羞怯的
direct,"adj. 直接的；直系的；亲身的；恰好的
vt. 管理；指挥；导演；指向
adv. 直接地；正好；按直系关系
vi. 指导；指挥"
indirect,adj. 间接的；迂回的；非直截了当的
directly,"conj. 一…就
adv. 直接地；立即；马上；正好地；坦率地"
direction,n. 方向；指导；趋势；用法说明
conscious,adj. 意识到的；故意的；神志清醒的
unconsciously,adv. 不知不觉；无意识地
faith,n. 信仰；信念；信任；忠实
faithful,adj. 忠实的，忠诚的；如实的；准确可靠的
weakness,n. 弱点；软弱；嗜好
weak,adj.  疲软的；虚弱的；无力的；不牢固的
weaken,"vt. 减少；使变弱；使变淡
vi. 变弱；畏缩；变软弱"
facility,n. 设施；设备；容易；灵巧
facilitate,vt. 促进；帮助；使容易
sustain,vt. 维持；支撑，承担；忍受；供养；证实
stable,"n. 马厩；牛棚
adj. 稳定的；牢固的；坚定的
vt. 赶入马房
vi. 被关在马厩"
stability,n. 稳定性；坚定，恒心
endure,"vt. 忍耐；容忍
vi. 忍耐；持续"
emphasize,vt. 强调，着重
emphasis,n. 重点；强调；加强语气
import,"n. 进口，进口货；输入；意思，含义；重要性
vt. 输入，进口；含…的意思
vi. 输入，进口"
academic,"n. 大学生，大学教师；学者
adj. 学术的；理论的；学院的"
academically,adv. 学术上；学业上
enroll,"vi. 参加；登记；注册；记入名册
vt. 登记；使加入；把...记入名册；使入伍"
enrollment,n. 登记；入伍
alternative,"n. 二中择一；供替代的选择
adj. 供选择的；选择性的；交替的"
counterpart,n. 副本；配对物；极相似的人或物
revise,"n. 修订；校订
vi. 修订；校订；复习功课
vt. 修正；复习；校订"
urgent,adj. 紧急的；急迫的
urgency,n. 紧急；催促；紧急的事
diverse,adj. 不同的；多种多样的；变化多的
diversity,n. 多样性；差异
financial,adj. 金融的；财政的，财务的
financially,adv. 财政上；金融上
commercial,"n. 商业广告
adj. 商业的；营利的；靠广告收入的"
commerce,n. 贸易；商业；商务
upgrade,"n. 升级；上升；上坡
vt. 使升级；提升；改良品种
adj. 向上的
adv. 往上"
better off,"adj. 富有的；富裕的；境况良好
 情况更好；更富裕；经济状况好的"
legitimate,"adj. 合法的；正当的；合理的；正统的
vt. 使合法；认为正当（等于legitimize）"
legitimacy,n. 合法；合理；正统
capable,adj. 能干的，能胜任的；有才华的
capability,n. 才能，能力；性能，容量
capacity,n. 能力；容量；资格，地位；生产力
be capable of,"v. 能够承担
 有能力；有能力干；有能力做"
temporary,"n. 临时工，临时雇员
adj. 暂时的，临时的"
temporarily,adv. 临时地，临时
trust,"n. 信任，信赖；责任；托拉斯
vt. 信任，信赖；盼望；赊卖给
vi. 信任，信赖；依靠"
trusted,"v. 信任；依靠；委托（trust的过去分词）
adj. 可信的；受信任的"
distrust,"n. 不信任
vt. 不信任
怀疑"
guard,"n. 守卫；警戒；护卫队；防护装置
vi. 警惕
vt. 保卫；监视"
safeguard,"n.  保护；保卫；保护措施
vt.  保护，护卫"
guardian,"n.  监护人，保护人；守护者
adj. 守护的"
enforce,vt. 实施，执行；强迫，强制
enforcement,n. 执行，实施；强制
interaction,"n. 相互作用； 交互作用
n. 互动"
interactivity, 相互作用
interact,"n. 幕间剧；幕间休息
vt. 互相影响；互相作用
vi. 互相影响；互相作用"
convincing,"v. 使相信；使明白（convince的现在分词）
adj. 令人信服的；有说服力的"
convincingly,adv. 令人信服地；有说服力地
solid,"n. 固体；立方体
adj. 固体的；可靠的；立体的；结实的；一致的"
consolidate,"vt. 巩固，使固定；联合
vi. 巩固，加强"
limit,"n. 限制；限度；界线
vt. 限制；限定"
limitation,n. 限制；限度；极限；追诉时效；有效期限；缺陷
limited,"adj. 有限的
n. 高级快车"
distort,"vt. 扭曲；使失真；曲解
vi. 扭曲；变形"
distorted,"v. 扭曲（distort的过去式和过去分词）
adj. 歪曲的；受到曲解的"
distortion,n. 变形； 失真；扭曲；曲解
identical,"n. 完全相同的事物
adj. 同一的；完全相同的"
identity,n. 身份；同一性，一致；特性；恒等式
identify,vt. 确定；鉴定；识别，辨认出；使参与；把…看成一样 vi. 确定；认同；一致
childless,adj. 无子女的
feature,"n. 特色，特征；容貌；特写或专题节目
vt. 特写；以…为特色；由…主演
vi. 起重要作用"
interference,n. 干扰，冲突；干涉
interfere in,"v. 干涉
 干预；在某件事上打扰；相关词组"
original,"n. 原件；原作；原物；原型
adj. 原始的；最初的；独创的；新颖的"
originally,adv. 最初，起初；本来
emotional,adj. 情绪的；易激动的；感动人的
emotionally,adv. 感情上；情绪上；令人激动地；情绪冲动地
reign,"n. 统治；统治时期；支配
vi. 统治；支配；盛行；君临"
popularity,n. 普及，流行；名气；受大众欢迎
popularize,"vt. 普及；使通俗化
vi. 通俗化"
population,n. 人口； 种群， 群体；全体居民
characteristic,"n. 特征；特性；特色
adj. 典型的；特有的；表示特性的"
character,"n. 性格，品质；特性；角色； 字符
vt. 印，刻；使具有特征"
strengthen,"vt. 加强；巩固
vi. 变强；变坚挺"
strength,n. 力量；力气；兵力；长处
reality,n. 现实；实际；真实
influence,"n. 影响；势力；感化；有影响的人或事
vt. 影响；改变"
influential,"adj. 有影响的；有势力的
n. 有影响力的人物"
define,vt. 定义；使明确；规定
definition,n. 定义； 清晰度；解说
recovery,n. 恢复，复原；痊愈；重获
single,"n. 一个；单打；单程票
adj. 单一的；单身的；单程的
vt. 选出
vi. 击出一垒安打"
response,n. 响应；反应；回答
intend,"vi. 有打算
vt. 打算；想要；意指"
intention,n. 意图；目的；意向；愈合
intentional,adj. 故意的；蓄意的；策划的
burden,"n. 负担；责任；船的载货量
vt. 使负担；烦扰；装货于"
operate,"vi. 运转；动手术；起作用
vt. 操作；经营；引起；对…开刀"
cooperate,vi. 合作，配合；协力
examine,"vt. 检查；调查； 检测；考试
vi. 检查；调查"
examination,n. 考试；检查；查问
participate,"vi. 参与，参加；分享
vt. 分享；分担
"
participation,n. 参与；分享；参股
relevant,adj. 相关的；切题的；中肯的；有重大关系的；有意义的，目的明确的
irrelevant,adj. 不相干的；不切题的
reflect,"vt. 反映；反射，照出；表达；显示;反省
vi. 反射，映现；深思"
reflection,n. 反射；沉思；映象
biased,adj. 有偏见的；结果偏倚的，有偏的
sufficient,adj. 足够的；充分的
insufficient,"adj. 不足的，不充足的；不胜任的；缺乏能力的
n. 不足；缺乏"
essential,"n. 本质；要素；要点；必需品
adj. 基本的；必要的；本质的；精华的"
essentially,adv. 本质上；本来
reserve,"n. 储备，储存；自然保护区；预备队；缄默； 储备金
vt. 储备；保留；预约
vi. 预订"
realistic,adj. 现实的；现实主义的；逼真的；实在论的
unrealistic,adj. 不切实际的；不实在的
flaw,"n. 瑕疵，缺点；一阵狂风；短暂的风暴；裂缝，裂纹
v. 使生裂缝，使有裂纹；使无效；使有缺陷
vi. 生裂缝；变的有缺陷"
stern,"n. 船尾；末端
adj. 严厉的；坚定的"
integrity,n. 完整；正直；诚实；廉正
adapt,"vi. 适应
vt. 使适应；改编"
adaptable,adj. 适合的；能适应的；可修改的
threat,n. 威胁，恐吓；凶兆
threaten,"vt. 威胁；恐吓；预示
vi. 威胁；可能来临"
solution,n. 解决方案；溶液；溶解；解答
solve,"vt. 解决；解答；溶解
vi. 作解答"
inherent,adj. 固有的；内在的；与生俱来的，遗传的
inherently,adv. 内在地；固有地；天性地
regret,"n. 遗憾；抱歉；悲叹
vi. 感到后悔；感到抱歉
vt. 后悔；惋惜；哀悼"
regrettable,adj. 令人遗憾的；可惜的；可悲的；抱歉的
harm,"n. 伤害；损害
vt. 伤害；危害；损害"
harmful,adj. 有害的；能造成损害的
discourage,vt. 阻止；使气馁
negative,"adj.  负的；消极的；否定的；阴性的
n. 否定；负数； 底片
vt. 否定；拒绝"
negatively,adv. 消极地；否定地
misleading,"adj. 令人误解的；引入歧途的
v. 给…带错路；把…引入歧途（mislead的ing形式）"
mislead,vt. 误导；带错
violent,adj. 暴力的；猛烈的
violence,n. 暴力；侵犯；激烈；歪曲
frustrate,"vt. 挫败；阻挠；使感到灰心
adj. 挫败的；无益的
vi. 失败；受挫"
frustrated,"v. 挫败；阻挠（frustrate的过去式和过去分词形式）
adj. 失意的，挫败的；泄气的"
frustration,n. 挫折
reject,"n. 被弃之物或人；次品
vt. 拒绝；排斥；抵制；丢弃"
rejection,n. 抛弃；拒绝；被抛弃的东西；盖帽
confused,"v. 困惑（confuse的过去式）
adj. 困惑的；混乱的；糊涂的"
confusing,"v. 使迷惑；使混乱不清；使困窘（confuse的ing形式）
adj. 混乱的；混淆的；令人困惑的"
confusion,n. 混淆，混乱；困惑
undesirable,"n. 不良分子；不受欢迎的人
adj. 不良的；不受欢迎的；不合需要的"
desirable,"n. 合意的人或事物
adj. 令人满意的；值得要的"
suffer,"vi. 遭受，忍受；受痛苦；经验；受损害
vt. 遭受；忍受；经历"
suffering,"n. 受难；苦楚
v. 受苦；蒙受（suffer的ing形式）
adj. 受苦的；患病的"
tolerate,vt. 忍受；默许；宽恕
tolerant,adj. 宽容的；容忍的；有耐药力的
tolerance,n. 公差；宽容；容忍；公差
object,"n. 目标；物体；客体；宾语
vt. 提出…作为反对的理由
vi. 反对；拒绝"
objective,"adj. 客观的；目标的；宾格的
n. 目的；目标； 物镜；宾格"
objectivity,n. 客观；客观性
wrongdoing,n. 坏事；不道德的行为
provoke,vt. 驱使；激怒；煽动；惹起
oppose,"vt. 反对；对抗，抗争
vi. 反对"
opposite,"adj. 相反的；对面的；对立的
n. 对立面；反义词
prep. 在…的对面
adv. 在对面"
skepticism,n. 怀疑论；怀疑的态度
skeptical,adj. 怀疑的；怀疑论的，不可知论的
humiliate,vt. 羞辱；使…丢脸；耻辱
humiliation,n. 丢脸，耻辱；蒙羞；谦卑
defy,"n. 挑战；对抗
vt. 藐视；公然反抗；挑衅；使落空"
exclude,vt. 排除；排斥；拒绝接纳；逐出
exclusive,"n. 独家新闻；独家经营的项目；排外者
adj. 独有的；排外的；专一的"
exclusively,adv. 唯一地；专有地；排外地
tough,"n. 恶棍
adj. 艰苦的，困难的；坚强的，不屈不挠的；坚韧的，牢固的；强壮的，结实的
vt. 坚持；忍受，忍耐
adv. 强硬地，顽强地"
rival,"n. 对手；竞争者
adj. 竞争的
vt. 与…竞争；比得上某人
vi. 竞争"
discontent,"n. 不满
adj. 不满的
vt. 使不满"
content,"n. 内容，目录；满足；容量
adj. 满意的
vt. 使满足"
irony,"n. 讽刺；反语；具有讽刺意味的事
adj. 铁的；似铁的"
ironic,adj. 讽刺的；反话的
ironically,adv. 讽刺地；说反话地
desperate,adj. 不顾一切的；令人绝望的；极度渴望的
criticism,n. 批评；考证；苛求
crash,"n. 撞碎；坠毁；破产；轰隆声；睡觉
vi. 摔碎；坠落；发出隆隆声；(金融企业等)破产
vt. 打碎；使坠毁、撞坏；擅自闯入"
critical,adj. 鉴定的； 临界的；批评的，爱挑剔的；危险的；决定性的；评论的
questionable,adj. 可疑的；有问题的
hostile,"n. 敌对
adj. 敌对的，敌方的；怀敌意的"
hostility,n. 敌意；战争行动
resist,"n.  抗蚀剂；防染剂
vt. 抵抗；忍耐，忍住
vi. 抵抗，抗拒；忍耐"
resistance,n. 阻力；电阻；抵抗；反抗；抵抗力
resistant,"n. 抵抗者
adj. 抵抗的，反抗的；顽固的"
reluctant,adj. 不情愿的；勉强的；顽抗的
undermine,vt. 破坏，渐渐破坏；挖掘地基
burdensome,adj. 繁重的；累赘的；恼人的
hinder,"vt. 阻碍；打扰
adj. 后面的
vi. 成为阻碍"
contempt,n. 轻视，蔑视；耻辱
contemptuous,adj. 轻蔑的；侮辱的
lame,"adj. 跛足的；僵痛的；不完全的；无说服力的；差劲的，蹩脚的
vi. 变跛
vt. 使跛；使成残废"
lameness,n. 跛；残废；僵而疼痛的
supportive,adj. 支持的；支援的；赞助的
optimistic,adj. 乐观的；乐观主义的
optimism,n. 乐观；乐观主义
enthusiastic,adj. 热情的；热心的；狂热的
enthusiasm,n. 热心，热忱，热情
acceptable,adj. 可接受的；合意的；可忍受的
unacceptable,adj. 不能接受的；不受欢迎的
willing,"adj. 乐意的；自愿的；心甘情愿的
v. 决心；用意志力驱使；将（财产等）遗赠某人（will的现在分词）"
willingly,adv. 欣然地；愿意地，乐意地
willing to do sth.,
embrace,"n. 拥抱
vt. 拥抱；信奉，皈依；包含
vi. 拥抱"
worthwhile,adj. 值得做的，值得花时间的
worthy,"n. 杰出人物；知名人士
adj. 值得的；有价值的；配得上的，相称的；可尊敬的；应…的"
approval,n. 批准；认可；赞成
favor,"n. 喜爱；欢心；好感
vt. 赞成；喜欢；像；赐予；证实"
favorable,adj. 有利的；良好的；赞成的，赞许的；讨人喜欢的
justified,"adj. 有正当理由的；合乎情理的；事出有因的
v. 调整（justify的过去分词）；证明…正当"
remarkable,adj. 卓越的；非凡的；值得注意的
remark,"n. 注意；言辞
vt. 评论；觉察
vi. 谈论"
satisfy,"vi. 令人满意；令人满足
vt. 满足；说服，使相信；使满意，使高兴"
satisfied,"v. 使满意（satisfy的过去式）
adj. 感到满意的"
dissatisfaction,n. 不满；令人不满的事物
advisable,adj. 明智的，可取的，适当的
advisability,n. 明智；可劝性；适当
cautious,adj. 谨慎的；十分小心的
caution,"n. 小心，谨慎；警告，警示
vt. 警告"
affirm,"vt. 肯定；断言
vi. 确认；断言"
instead,adv. 代替；反而；相反
rather than,"na. 而不
 而不是；宁愿；与其"
frank,"n. 免费邮寄特权
adj. 坦白的，直率的；老实的
vt. 免费邮寄"
frankly,adv. 真诚地，坦白地
indifferent,adj. 漠不关心的；无关紧要的；中性的，中立的
indifference,n. 漠不关心；冷淡；不重视；中立
uncertain,adj. 无常的；含糊的；靠不住的；迟疑不决的
uncertainty,n. 不确定，不可靠
envy,"n. 嫉妒，妒忌；羡慕
vt. 嫉妒，妒忌；羡慕
vi. 感到妒忌；显示出妒忌"
cater,vt. 投合，迎合；满足需要；提供饮食及服务
dramatic,adj. 戏剧的；急剧的；引人注目的；激动人心的
dramatically,"adv. 戏剧地；引人注目地
adv. 显著地，剧烈地"
inevitable,adj. 必然的，不可避免的
inevitably,adv. 不可避免地；必然地
fundamental,"n. 基本原理；基本原则
adj. 基本的，根本的"
fundamentally,adv. 根本地，从根本上；基础地
objective,"adj. 客观的；目标的；宾格的
n. 目的；目标； 物镜；宾格"
symbol,n. 象征；符号；标志
symbolize,"vt. 象征；用符号表现
vi. 采用象征；使用符号；作为…的象征"
symbolic,adj. 象征的；符号的；使用符号的
alongside,"prep. 在……旁边
adv. 在旁边"
entire,adj. 全部的，整个的；全体的
entirely,adv. 完全地，彻底地
shock,"n. 休克；震惊；震动；打击；禾束堆
adj. 浓密的；蓬乱的
vt. 使休克；使震惊；使震动；使受电击；把…堆成禾束堆
vi. 感到震惊；受到震动；堆成禾束堆"
shocking,"adj. 令人震惊的；可怕的，令人厌恶的；糟糕的
v. 感到震惊；震动；冲突（shock的ing形式）"
mere,"adj. 仅仅的；只不过的
n. 小湖；池塘"
merely,adv. 仅仅，只不过；只是
anti-regulatory, 反管制的
anti-,pref. 表示“反对，抵抗”之义
surpass,vt. 超越；胜过，优于；非…所能办到或理解
unsurpassed,adj. 非常卓越的；未被超越的
surplus,"n. 剩余； 顺差；盈余；过剩
adj. 剩余的；过剩的"
interrelation,n. 相互关系
interact,"n. 幕间剧；幕间休息
vt. 互相影响；互相作用
vi. 互相影响；互相作用"
foreshadow,"vt. 预示；成为…的前兆
n. 预兆"
forecast,"n. 预测，预报；预想
vt. 预报，预测；预示
vi. 进行预报，作预测"
overestimate,"vt. 对……评价过高；对……估计过高
n. 估计过高；评价过高；出价过高
vi. 估计过高；评价过高"
overvalue,vt. 对…估价过高；过分重视
overcharge,"n. 过度充电；超载；装药过多
vt. 对……索价过高；使……过度充电
vi. 过度充电；讨价过高"
overlook,"vt. 忽略；俯瞰；远眺；检查；高耸于…之上
n. 忽视；眺望"
underestimate,"n. 低估
vt. 低估；看轻"
undergo,vt. 经历，经受；忍受
unreasonable,adj. 不合理的；过度的；不切实际的；非理智的
unnecessary,adj. 不必要的；多余的，无用的
unfocused,adj. 不聚成焦点的
focused,"v.  聚焦；注视（focus的过去分词）
adj. 聚焦的；专心的"
unsettling,"adj. 使人不安的；（消息）扰乱的
v. 动乱不定；心绪不宁（unsettle的ing形式）"
settle,"n. 有背长椅
vi. 解决；定居；沉淀；下陷
vt. 解决；安排；使…定居"
impatience,n. 急躁；无耐心
immoral,adj. 不道德的；邪恶的；淫荡的
inequality,n. 不平等；不同；不平均
disapproval,n. 不赞成；不喜欢
disagree,vi. 不同意；不一致；争执；不适宜
dismiss,"vt. 解散；解雇；开除；让...离开；不予理会、不予考虑
vi. 解散"
diminish,"vt. 使减少；使变小
vi. 减少，缩小；变小"
devalue,"vt. 使贬值；降低…的价值
vi. 贬值"
deserve,"vi. 应受，应得
vt. 应受，应得"
defame,v. 诽谤；中伤
fame,"n. 名声，名望；传闻，传说
vt. 使闻名，使有名望"
deforestation,n. 采伐森林；森林开伐
demotivated,(demotivate 的过去分词) v. 使失去动力
debate,"n. 辩论；辩论会
vt. 辩论，争论，讨论
vi. 辩论，争论，讨论"
designate,"vt. 指定；指派；标出；把…定名为
adj. 指定的；选定的"
reconsider,"vt. 重新考虑；重新审议
vi. 重新考虑"
review,"n. 回顾；复习；评论；检讨；检阅
vt. 回顾；检查；复审
vi. 回顾；复习功课；写评论"
remodel,vt. 改造；改变；改型
redirect,"n. 再直接询问
vt. 使改方向；重新寄送
adj. 再直接的"
direct,"adj. 直接的；直系的；亲身的；恰好的
vt. 管理；指挥；导演；指向
adv. 直接地；正好；按直系关系
vi. 指导；指挥"
redefine,vt. 重新定义
reassess,vt. 再评价；再课税；再摊派
assess,vt. 评定；估价；对…征税
reevaluate,v. 再评估，再评价
re-evaluate,重估
reinterpretation,n. 重新解释
interpret,"vi. 解释；翻译
vt. 说明；口译"
interpretation,n. 解释；翻译；演出
misinterpretation,n. 误解；误释
lessen,"vt. 使…变小；使…减轻；使…变少
vi. 减少；减轻；变小"
widen,"vt. 放宽
vi. 变宽"
sharpen,"vt. 削尖；磨快；使敏捷；加重
vi. 尖锐；变锋利"
shorten,"vt. 缩短；减少；变短
vi. 缩短；变短"
strengthen,"vt. 加强；巩固
vi. 变强；变坚挺"
enlarge,"vt. 扩大；使增大；扩展
vi. 扩大；放大；详述"
enlarged,"v. 扩大，增大（enlarge的过去分词）
adj. 放大的；增大的；扩展的"
endangered,adj. 濒临灭绝的；有生命危险的
enlighten,vt. 启发，启蒙；教导，开导；照耀
enlightened,"v. 启迪（enlighten的过去式）
adj. 开明的；文明的；进步的；被启发的"
mispredict, 误预测
misunderstand,vt. 误解；误会
mislead,vt. 误导；带错
misuse,"vt. 滥用；误用；虐待
n. 滥用；误用；虐待"
misguide,vt. 误导；使误入歧途
guide,"n. 指南；向导；入门书
vt. 引导；带领；操纵
vi. 担任向导"
guideline,"n. 指导方针
参考"
countermeasure,n. 对策；反措施；反抗手段
counteraction,n. 中和；反对的行动；抵抗；反动
counterbalance,"n. 平衡力；自动抵销
vt. 使平衡；抵消"
contrary,"n. 相反；反面
adj. 相反的；对立的
adv. 相反地"
contradictory,"n. 对立物；矛盾因素
adj. 矛盾的；反对的；反驳的；抗辩的"
costless,adj. 不花钱的；无须付出代价的
costly,adj. 昂贵的；代价高的
jobless,"adj. 失业的，无业的；（关于）失业者的
n. 失业者"
worthless,adj. 无价值的；不值钱的；卑微的
forward,"n. 前锋
adj. 向前的；早的；迅速的
adv. 向前地；向将来
vt. 促进；转寄；运送"
shortage,n. 缺乏，缺少；不足
advantage,"n. 优势；利益；有利条件
vt. 有利于；使处于优势
vi. 获利"
passage,n. 一段（文章）；走廊；通路
storage,n. 存储；仓库；贮藏所
livelihood,n. 生计，生活；营生
adulthood,n. 成年；成人期
girlhood,n. 少女时期
digitalize,v. 以洋地黄治疗
modernize,"vt. 使…现代化
vi. 现代化"
standardize,vt. 使标准化；用标准检验
nationalization,n. 国有化；同化，归化
voice,"n. 声音；嗓音；发言权；愿望
vt. 表达；吐露"
push,"n. 推，决心；大规模攻势；矢志的追求
vi. 推进；增加；努力争取
vt. 推动，增加；对…施加压力，逼迫；按；说服"
fire,"n. 火；火灾；炮火；炉火；热情；激情；磨难
vt. 点燃；解雇；开除；使发光；烧制；激动；放枪
vi. 着火；射击；开枪；激动；烧火"
thin,"n. 细小部分
adj. 薄的；瘦的；稀薄的；微弱的
vt. 使瘦；使淡；使稀疏
vi. 变薄；变瘦；变淡
adv. 稀疏地；微弱地"
providing,"conj. 假如，以…为条件
v. 供给（provide的ing形式）；预备"
check,"n. <美>支票；制止，抑制；检验，核对
vi. 核实，查核；中止；打勾；将一军
vt. 检查，核对；制止，抑制；在…上打勾"
traffic,"n. 交通；运输；贸易； 通信量
vt. 用…作交换；在…通行
vi. 交易，买卖"
room,"n. 房间；空间；余地；机会；房间里所有的人
vt. 为…提供住处；租房，合住；投宿，住宿；留…住宿
vi. 居住；住宿"
squeeze,"n. 压榨；紧握；拥挤；佣金
vt. 挤；紧握；勒索
vi. 压榨"
spark,"n. 火花；朝气；闪光
vt. 发动；鼓舞；求婚
vi. 闪烁；发火花；求婚"
trigger,"n. 扳机； 触发器；制滑机
vt. 引发，引起；触发
vi. 松开扳柄"
even,"adj.  偶数的；平坦的；相等的
adv. 甚至；即使；还；实际上
vt. 使平坦；使相等
vi. 变平；变得可比较；成为相等"
promote,"vi. 成为王后或其他大于卒的子
vt. 促进；提升；推销；发扬"
promotion,n. 提升， 晋升；推销，促销；促进；发扬，振兴
ground,"n. 地面；土地；范围；战场;根据
v. 研磨（grind的过去分词）；压迫
adj. 土地的；地面上的；磨碎的；磨过的
vt. 使接触地面；打基础；使搁浅
vi. 着陆；搁浅"
groundless,adj. 无理由的
meet,"vt. 满足；遇见；对付
vi. 相遇；接触
n. 集会
adj. 合适的；适宜的"
count,"n. 计数；计算；伯爵
vt. 计算；认为
vi. 计数；有价值"
certain,"adj. 某一；必然的；确信；无疑的；有把握的
pron. 某些；某几个"
mean,"adj. 平均的；卑鄙的；低劣的；吝啬的
vt. 意味；想要；意欲
n. 平均值
vi. 用意"
front,"n. 前面；正面；前线
adj. 前面的；正面的
vt. 面对；朝向；对付
vi. 朝向
adv. 在前面；向前"
finance,"n. 财政，财政学；金融
vt. 负担经费，供给…经费
vi. 筹措资金"
feed,"n. 饲料；饲养；（动物或婴儿的）一餐
vt. 喂养；供给；放牧；抚养（家庭等）；靠…为生
vi. 吃东西；流入"
jump,"n. 跳跃；暴涨；惊跳
vt. 跳跃；使跳跃；跳过；突升
vi. 跳跃；暴涨；猛增"
bank,"n. 银行；岸；浅滩；储库
vt. 将…存入银行；倾斜转弯
vi. 堆积；倾斜转弯"
press,"n. 压；按；新闻；出版社； 印刷机
vt. 压；按；逼迫；紧抱
vi. 压；逼；重压"
fuel,"n. 燃料；刺激因素
vt. 供以燃料，加燃料
vi. 得到燃料"
wired,"adj. 接有电线的；以铁丝围起的；极其兴奋的
v. 以金属丝装；打电报给（wire的过去分词）"
hard-wired,adj.  硬连线的，硬接线的
blow,"n. 吹；打击；殴打
vt. 风吹
vi. 风吹；喘气"
giant,"n. 巨人；伟人； 巨大的动物
adj. 巨大的；巨人般的"
look,"vt. 看；期待；注意；面向；看上去像
vi. 看；看起来；注意；面向
n. 看；样子；面容"
tight,"adj. 紧的；密封的；绷紧的；麻烦的；严厉的；没空的；吝啬的
adv. 紧紧地；彻底地"
drop,"n. 滴；落下；空投；微量；滴剂
vt. 滴；使降低；使终止；随口漏出
vi. 下降；终止"
signal,"n. 信号；暗号；导火线
adj. 显著的；作为信号的
vt. 标志；用信号通知；表示
vi. 发信号"
human,"n. 人；人类
adj. 人的；人类的"
fashion,"n. 时尚；时装；样式；时髦人物
vt. 使用；改变；做成…的形状"
cure,"n. 治疗；治愈； 疗法
vt. 治疗；治愈；使硫化；加工处理
vi. 治病；痊愈；受治疗；被硫化；被加工处理"
obvious,adj. 明显的；显著的；平淡无奇的
fold,"n. 折痕；信徒；羊栏
vt. 折叠；合拢；抱住；笼罩
vi. 折叠起来；彻底失败"
serve,"n. 发球，轮到发球
vi. 服役，服务；适合，足够；发球；招待，侍候
vt. 招待，供应；为…服务；对…有用；可作…用"
swallow,"n. 燕子；一次吞咽的量
vt. 忍受；吞没
vi. 吞下；咽下"
model,"n. 模型；典型；模范；模特儿；样式
vt. 模拟；塑造；模仿
vi. 做模型；做模特儿
adj. 模范的；作模型用的"
rate,"n. 比率，率；速度；价格；等级
vt. 认为；估价；责骂
vi. 责骂；被评价"
considered,adj. 经过深思熟虑的；被尊重的
considerable,adj. 相当大的；重要的，值得考虑的
merit,"n. 优点，价值；功绩；功过
vt. 值得
vi. 应受报答"
assume,"vt. 僭取；篡夺；夺取；擅用；侵占
vi. 假定；设想；承担；采取"
according to,"prep. 根据；按照；据（…所说）；按（…所报道）
 依照；根据…所说；依据"
convey,vt. 传达；运输；让与
note,"n. 笔记；音符；票据；注解；纸币；便笺；照会；调子
vt. 注意；记录；注解"
point out,"na. 指出
 指明；说明；指示"
claim,"n. 要求；声称；索赔；断言；值得
vt. 要求；声称；需要；认领
vi. 提出要求"
deem,"vt. 认为，视作；相信
vi. 认为，持某种看法；作某种评价"
hold,"n. 控制；保留
vi. 支持；有效；持续
vt. 持有；拥有；保存；拘留；约束或控制
又作“Hold住”使用，中英混用词汇，表示轻松掌控全局。
"
argue,"vi. 争论，辩论；提出理由
vt. 辩论，争论；证明；说服"
regard,"n. 注意；尊重；问候；凝视
vi. 注意，注重；注视
vt. 注重，考虑；看待；尊敬；把…看作；与…有关"
in one's view, 依某人看来
sentiment,n. 感情，情绪；情操；观点；多愁善感
statement,n. 声明；陈述，叙述；报表，清单
remark,"n. 注意；言辞
vt. 评论；觉察
vi. 谈论"
infer,"vi. 推断；作出推论
vt. 推断；推论"
indicate,vt. 表明；指出；预示；象征
suggest,vt. 提议，建议；启发；使人想起；显示；暗示
imply,vt. 意味；暗示；隐含
purpose,"n. 目的；用途；意志
vt. 决心；企图；打算"
motive,"n. 动机，目的；主题
adj. 发动的；成为动机的
vt. 使产生动机，激起"
intend to,"打算(做)..., 想要(做)..."
contribute to,"na. 捐助；给…投稿；捐(款)给；投寄(一篇论文)给(某杂志)
 有助于；促成；贡献"
due to,"un. 由于；预定；因为；亏
 应归于；由於；由…引起"
aim to,"un. 目的在于
 旨在；目的是；志在"
be aimed at, 针对；旨在；针对某人
in that,"na. 因为；以…的理由
 由于；在于；在…方面"
so as to,"na. (= in order to) 以便；为使
 为了；为的是；使得"
originate from,"v. 起源于；发源于
 来源于；来自；起源於"
lead to,"na. 通向
 导致；引起；通往"
illustrate,"vi. 举例
vt. 阐明，举例说明；图解"
mention,"vt. 提到，谈到；提及，论及；说起
n. 提及，说起"
cite,vt. 引用；传讯；想起；表彰
quote,"n. 引用
vi. 报价；引用；引证
vt. 报价；引述；举证"
attitude,n. 态度；看法；意见；姿势
title,"n. 冠军；标题；头衔；权利；字幕
adj. 冠军的；标题的；头衔的
vt. 加标题于；赋予头衔；把…称为"
subject,"n. 主题；科目； 主语；国民
adj. 服从的；易患…的；受制于…的
vt. 使…隶属；使屈从于…"
center on,"un. 围绕
 以…为中心；集中于；集中围绕"
summarize,"vt. 总结；概述
vi. 作总结；作概括"
focus on, 致力于; 使聚焦于; 对（某事或做某事）予以注意; 把…作为兴趣中心
regarding,prep. 关于，至于
with regard to,"na. 关于；对于；为了答复；“in/with regard to”的变体
 至于；就…而言；至于，就"
involve,vt. 包含；牵涉；使陷于；潜心于
refer to,"v. 查阅；提到
 参考；涉及；谈到"
feature,"n. 特色，特征；容貌；特写或专题节目
vt. 特写；以…为特色；由…主演
vi. 起重要作用"
characterize,"vt. 描绘…的特性；具有…的特征
vi. 塑造人物"
phrase,"n. 短语, 习语, 措辞, 乐句
vt. 措词, 将(乐曲)分成乐句"
address,"n. 地址；演讲；致辞；说话的技巧；称呼
vt. 演说；从事；忙于；写姓名地址；向…致辞；与…说话；提出；处理"
appropriate,"adj. 适当的；恰当的；合适的
vt. 占用，拨出"
